time_per_question,question_difficulty,topic_difficulty,score_percentage,previous_skill_level,recommended_level
2.1854305348131313,2.666196359547577,3.355351153623154,90.67224339707036,Intermediate,Intermediate
4.7782143788446225,5.877108526405223,3.2228091916479986,64.09309286857457,Beginner,Intermediate
3.793972738151323,8.856512522887675,9.15629122468933,32.97907299382576,Beginner,Beginner
3.1939631788866647,7.590023977686051,3.245915798645555,100.0,Advanced,Advanced
1.2020838819909643,8.259050330753048,3.447547535157679,78.5788836648423,Advanced,Intermediate
1.201975341512912,6.929050300396456,7.8345843617616735,55.9188039706131,Beginner,Intermediate
0.7613762547568976,7.230489080660672,5.04765858205486,52.31873408825185,Beginner,Intermediate
4.3977926559872085,8.642760864087872,7.990395012596631,58.89729959484386,Intermediate,Intermediate
3.20501755284444,3.2470120797326736,1.588295418079467,100.0,Advanced,Intermediate
3.6863266000822046,5.404824672788264,5.388140743060458,67.53002802408679,Intermediate,Intermediate
0.592630224331111,2.99088497637642,1.3025224016495436,100.0,Intermediate,Intermediate
4.864594334728975,9.889012071969823,1.5638788310981906,67.7362586450885,Intermediate,Intermediate
4.2459918836018975,9.49653405717952,9.157937080099698,11.189235792658403,Beginner,Beginner
1.4555259980522428,1.354841302316553,2.2532083400583565,100.0,Intermediate,Intermediate
1.318212352431953,7.350176552641196,5.791786140476954,75.83900515432896,Intermediate,Intermediate
1.325320294340452,9.327234856740992,4.699860423406359,31.967598207864697,Beginner,Intermediate
1.8690900933179198,2.6251781061460018,4.126089936329584,100.0,Advanced,Intermediate
2.86140394234507,6.111507074973665,9.098500111185452,79.11735052283231,Advanced,Intermediate
2.4437525838895207,9.239394678292376,1.1964105709794055,70.4527458654629,Intermediate,Intermediate
1.8105311308911887,1.3055138072721895,6.9741071755803015,69.90839933774481,Beginner,Intermediate
3.2533380262507077,7.276782405221559,9.670549907921954,73.99525992241851,Advanced,Intermediate
1.1277223729341883,3.676141066352957,6.041513651156578,85.70953069152465,Intermediate,Intermediate
1.8146509184084816,9.319565758388773,9.431402158297827,31.425275345906364,Intermediate,Intermediate
2.148628294821613,9.73952420648831,1.470320913574214,34.35845995380315,Beginner,Intermediate
2.552314928976662,9.498398402020905,4.769139871667452,30.977810965661668,Intermediate,Intermediate
4.033291826268561,5.267927949917174,3.3414201186584602,100.0,Advanced,Intermediate
1.3985320197126188,8.758383858903821,7.577388684826568,33.62818485717568,Beginner,Intermediate
2.814054972861252,8.600944586815633,9.83167381447522,77.97876693714775,Advanced,Intermediate
3.165865559879191,3.871904259189301,3.30877056199823,99.33678705994488,Advanced,Intermediate
0.7090268572399898,8.460239267356096,6.88757141326667,77.28016281875114,Advanced,Intermediate
3.2339518335564725,1.3330687124394336,2.7828786948376614,100.0,Intermediate,Intermediate
1.2673585565928118,6.366428906338477,6.087972291144489,64.286113646574,Intermediate,Intermediate
0.7927321684337578,3.0700795355893273,5.175392380195026,93.58914719680037,Advanced,Intermediate
4.7699849176399995,2.0851019719955093,9.748047966683833,100.0,Advanced,Intermediate
4.845344148835517,1.6925788146628824,6.476745454268199,86.0997029765815,Beginner,Intermediate
4.137788066524076,7.266598982903258,4.145557348781369,47.41101032188595,Beginner,Intermediate
1.870761961280168,4.058874673912595,2.0268620639914,98.72731689015889,Intermediate,Intermediate
0.9395245130287274,7.522900943758853,2.361221458614411,70.45392414179358,Intermediate,Intermediate
3.579048619304706,1.5882070671904813,3.0278523695611157,73.02137152511676,Beginner,Intermediate
2.480686221828206,3.837613040475493,3.258699952062682,100.0,Advanced,Intermediate
1.0491720568015048,5.855421631378035,8.65554452057024,48.20256946734108,Intermediate,Intermediate
2.728296095500716,8.116508483550671,6.051005094542724,78.40940532890733,Advanced,Intermediate
0.6547483450184828,3.8687725263886295,5.710518202369298,64.36782103337129,Beginner,Intermediate
4.59194180935452,6.633022387933082,2.0329198468229572,97.24849430673859,Intermediate,Intermediate
1.6645099172000761,8.973799734125684,8.741257240144915,57.87311615129702,Intermediate,Intermediate
3.481350279592919,6.542768693640741,7.5053287288763535,28.047672599494042,Beginner,Beginner
1.9026998424023494,3.096635272782704,1.6090152571000143,99.66227545444461,Intermediate,Intermediate
2.8403060953001487,1.2196070340088423,7.370515875067918,72.00101918839563,Beginner,Intermediate
2.9601962570447586,8.830889865108368,5.8918439560838145,55.88663545321229,Intermediate,Intermediate
1.3318450498648717,1.1914246976534844,1.7355281117210044,95.03438325187257,Beginner,Intermediate
4.863130824940513,8.872315054157795,5.124705773757908,46.17323813037753,Intermediate,Intermediate
3.9880977051250155,5.760434206244907,5.362266584170423,91.0246700908975,Advanced,Intermediate
4.727745237038851,9.451609286616065,2.4919708614694818,90.05422846464198,Advanced,Advanced
4.526723076924419,8.189049121962988,9.51128332300254,77.31666127278385,Advanced,Intermediate
3.1905499046498833,9.981406994800038,8.649778343325957,45.63782473111391,Intermediate,Intermediate
4.6484340576040255,4.156406339065391,7.021201035961975,75.27044319378412,Intermediate,Intermediate
0.8982162592336378,7.904694600380142,5.160660049005465,83.79513411481817,Advanced,Intermediate
1.3819228808861534,4.617378222483179,4.705889874260577,100.0,Advanced,Intermediate
0.7035228000974213,5.318880582735179,6.858761204358587,53.16832131450295,Beginner,Intermediate
1.9639864884346896,6.64754916896533,5.908886824662149,38.61711822678161,Beginner,Intermediate
2.249047803602669,8.863094027677048,1.5604579529369706,38.668180163354805,Beginner,Intermediate
1.7210706429825315,9.856751222793656,5.612523838932985,58.98229815487167,Advanced,Intermediate
4.229318791183682,7.914460724780664,8.257632555095554,90.21060689570355,Advanced,Advanced
2.105389970121152,4.759901039506004,5.133158898372622,100.0,Advanced,Intermediate
1.7642052935932133,4.792213020493632,1.4676091979884158,70.57122847176113,Beginner,Intermediate
2.942132374212118,7.638240714300023,8.076503794456297,53.04136019349015,Intermediate,Intermediate
1.1341590123864318,3.148994311914721,2.8122740392237695,100.0,Advanced,Intermediate
4.109886413393179,1.994267018182552,3.327587513992349,100.0,Intermediate,Intermediate
0.8354778965589686,4.191599418766989,2.482357180890663,100.0,Intermediate,Intermediate
4.940991214702327,3.5851509248867357,3.971935583843478,84.10450938476049,Intermediate,Intermediate
3.9751014618349583,3.6667730841039106,7.810763551197716,69.61799913244441,Beginner,Intermediate
1.3942205669037757,3.1024697594491895,5.674472735535436,87.74436214973663,Intermediate,Intermediate
0.5248495270562108,1.378838706727257,2.843931467356413,100.0,Advanced,Intermediate
4.169576428046754,1.1608654126007243,8.900470703368367,82.53640365519051,Beginner,Intermediate
3.680858047314277,9.889501507624283,8.916236694563763,63.70212517075953,Advanced,Intermediate
3.780532256184443,4.849958203622761,8.835205825414063,92.20823589819037,Advanced,Intermediate
3.970716560086756,4.4589398244371345,3.1491659024338534,70.74054249962721,Beginner,Intermediate
0.8332009328034067,7.116825544237629,5.061154097628893,72.97641631933067,Advanced,Intermediate
2.113095778449227,2.9642849907855773,9.864906905267876,98.4679658174291,Advanced,Intermediate
1.0214107678630837,9.549650655552028,7.948112286789914,22.78048961746779,Beginner,Intermediate
4.383965416440171,8.07710512973997,1.2445067910300383,81.66942257675382,Advanced,Intermediate
3.304841570724011,1.8046990208103355,1.5868413213444286,100.0,Intermediate,Intermediate
1.9890411118369213,4.758226982064356,5.175382391310995,95.42882921937579,Advanced,Intermediate
0.7860125762871064,8.912064768059482,9.182981852754041,58.18955599274378,Intermediate,Intermediate
1.89942044772048,9.502588200622693,5.848316181574428,64.30421429114293,Advanced,Intermediate
1.9633249491203617,5.2066136012488275,5.480312572308612,49.62751988633749,Beginner,Intermediate
3.783227802521288,6.520702502896369,1.9492632996096753,63.902580192169246,Beginner,Intermediate
3.369008621098459,2.503305514828677,6.911020942518647,93.4924718847582,Advanced,Intermediate
4.49245734159347,9.92051763523279,8.39892844540203,18.610558905306625,Beginner,Beginner
2.6249671632287717,3.0850453124509905,4.423780067568061,94.65866588170866,Advanced,Intermediate
1.0381741067223578,9.48458596721613,7.980506658327947,37.83566478898946,Beginner,Intermediate
3.7096015425034774,6.846819840931316,9.680289885107305,53.71139993561964,Intermediate,Intermediate
3.9235327187760385,6.469631153909732,2.833898132149202,98.9909713839813,Advanced,Intermediate
3.025747389062733,5.614196599148578,5.709966680752672,83.95922015990999,Intermediate,Intermediate
3.9693523097955246,3.076028305459828,3.58424162276118,86.64444476787845,Intermediate,Intermediate
2.7220801836397586,2.5887522880495744,8.135689771304554,99.52929915935843,Advanced,Intermediate
2.852297732218973,2.9843758816315784,6.198340292930418,75.91981971999343,Intermediate,Intermediate
2.423934582613473,2.6779443592982908,6.711241757952734,95.89151571969222,Advanced,Intermediate
0.6143860703484283,8.01626026210078,8.181227436543047,46.16918743980818,Intermediate,Intermediate
0.98551142146987,4.151127332500571,4.563734253962094,100.0,Advanced,Intermediate
0.6414313355903041,1.5205840890705673,9.23581061566339,100.0,Advanced,Intermediate
3.3638468506870116,9.721923671267302,5.797259805215259,36.88492373700151,Beginner,Beginner
1.91460191484347,8.954072964670832,2.421593405518132,79.05268547967245,Advanced,Intermediate
2.7885681102411626,9.349770548756917,7.263092063519222,74.65819782483251,Advanced,Intermediate
4.584049132667419,9.954170403817917,8.13935215394429,50.66110443430982,Intermediate,Intermediate
1.6218150311699373,2.5650572429753855,3.85085509360774,100.0,Advanced,Intermediate
2.3467231536603337,4.566178170123929,8.714613312988778,42.9780234862302,Beginner,Intermediate
3.899980123443719,7.824146281336822,9.155289292891897,54.2641910344401,Intermediate,Intermediate
1.529591744712301,7.26418556248413,3.4921403864002802,71.17347639827406,Intermediate,Intermediate
0.8464095942295684,2.3850631570586955,9.851693254436999,60.723122744130976,Beginner,Intermediate
1.8038815381119562,8.34249812491556,2.266403752438826,87.18696248070539,Intermediate,Intermediate
1.2254957926430199,3.019965146529946,2.81814101562241,97.13212170476018,Intermediate,Intermediate
4.683639435541579,3.0143585334036076,2.658023553142235,90.56183106075395,Intermediate,Intermediate
4.136541708039877,5.832769806040722,9.045907390070834,54.789532680163305,Intermediate,Intermediate
3.3503169042969057,6.336459413575328,6.8886329709246565,39.12978770613355,Beginner,Beginner
4.42157265584473,6.220775870540301,2.3689385490004558,47.16164192918591,Beginner,Intermediate
4.116524346046015,1.8233815365797938,4.962910765315141,100.0,Intermediate,Intermediate
1.3395652649871612,8.897147763673424,6.5376822256282185,33.56842631119058,Intermediate,Intermediate
4.5165154932049,3.3904003832983545,1.7511767649044496,82.67551596598793,Beginner,Intermediate
2.927040088620428,2.1656342915452376,8.94174731566605,53.66594752852336,Beginner,Intermediate
4.133480698238282,8.998732718820794,8.232431818973817,25.184988802733407,Beginner,Beginner
4.53241084965572,9.60086348406778,5.5468609621897444,46.375223277647976,Intermediate,Intermediate
1.9310156373733873,8.759148555389055,9.704139537332534,61.550485207477436,Intermediate,Intermediate
0.9952336603745454,8.285644672523903,4.759848813475897,84.45538621381057,Advanced,Intermediate
1.5257082314387376,6.8971778257511955,9.85699287132848,43.846917507687095,Beginner,Intermediate
2.4219850488181534,5.957716335482254,7.011279989232643,82.18284694085085,Intermediate,Intermediate
4.181066446651219,1.7828808392026914,6.712041459285473,72.58352616635416,Beginner,Intermediate
4.373287624653545,4.676078917636288,2.493594057662065,77.18258553028024,Intermediate,Intermediate
0.5312845873903582,4.354196653110826,8.937349824741796,49.21053975906277,Beginner,Intermediate
2.798362861599046,3.337784053842936,4.847407191285536,81.34637802126669,Intermediate,Intermediate
2.3783495141695052,7.510781023197264,2.460100652042314,90.03075130901374,Advanced,Advanced
1.4994851471182862,5.4628816157089375,1.1134676797818313,100.0,Advanced,Intermediate
1.0393941530015727,1.7294159431688314,6.037801152745443,71.89796040499687,Beginner,Intermediate
2.0192682713163257,2.981648817548302,5.746596599104087,91.9730577251491,Intermediate,Intermediate
4.743093667606336,7.149328872936364,7.474182601322427,67.40385076915575,Intermediate,Intermediate
1.9544131940933984,1.6851777354127018,9.01232247716022,63.19569212879125,Beginner,Intermediate
2.8345577978451475,8.660862226438919,1.7146592617872658,75.58640026352278,Intermediate,Intermediate
3.6635853150283,5.4563187431257685,7.583468413063261,44.47440249582696,Beginner,Intermediate
2.136333210706823,5.325279195939832,2.68670749687824,98.46127978563115,Intermediate,Intermediate
4.873019372244323,6.331670061935658,8.723593478414475,36.51575637290181,Beginner,Beginner
4.8310128272395,8.422128693326343,8.371571624754905,64.74650650532786,Intermediate,Intermediate
1.6330203312141387,4.1302828711197375,5.867143794869899,46.98648334207439,Beginner,Intermediate
2.7376182765157346,7.102145373031572,7.392185187609804,58.50864499790427,Intermediate,Intermediate
1.8539523941754634,6.09158767596212,3.8291510186537354,94.74482682809214,Advanced,Intermediate
1.7817822246986044,3.403254431524792,5.240511090395332,90.05211251867479,Intermediate,Intermediate
0.6659912630953976,8.907669877196422,8.394732079394245,38.895622408023385,Beginner,Intermediate
3.243039502909536,8.176834194462353,5.133386774558925,71.22171667341618,Advanced,Intermediate
2.7620556045298765,6.926066511925829,4.220184387928976,61.62928385615484,Intermediate,Intermediate
0.731654380624952,8.655235561848176,5.447912025252699,66.36100543783864,Advanced,Intermediate
1.7539090890647515,8.805647808638222,8.454243271934965,63.81087311298817,Intermediate,Intermediate
4.587196486849941,7.3752667904353135,4.016872426337855,94.0490981967811,Advanced,Advanced
1.5780285080013758,8.533119955273047,2.5638543382216943,38.799125124398444,Beginner,Intermediate
1.152026924410504,7.277243155023553,7.408126182977027,56.958456936390455,Intermediate,Intermediate
2.7025374212490334,7.121266945842704,8.433803914372735,70.90986748428321,Intermediate,Intermediate
4.935427043497703,6.5675024039366585,1.9057373067118,58.66408375706893,Beginner,Intermediate
1.589248721801752,7.774449756018771,3.1588670148035023,88.27926879758391,Advanced,Intermediate
3.5246099633264536,2.427445947637663,2.277747907848945,73.21655947003427,Beginner,Intermediate
3.927288268979229,8.927836832790355,4.131472704239499,32.716474585142095,Beginner,Beginner
1.5693689479657986,8.846591749707088,5.053158810148714,92.44080292544999,Advanced,Intermediate
3.776973568753368,1.2632255473110323,7.739437032669758,87.20457705285617,Beginner,Intermediate
2.1550240972366392,8.432350755082865,6.860328263935067,47.405317404906995,Intermediate,Intermediate
3.3453762376711076,2.1598288072610066,6.588357107305881,100.0,Intermediate,Intermediate
3.3508836984240262,4.016069688332277,4.171374519486889,82.5316338369769,Intermediate,Intermediate
2.910986078336413,7.69157430662447,8.57302797776284,41.159524487278006,Beginner,Intermediate
0.9063039652448374,2.4468390644347737,5.241584506583481,100.0,Intermediate,Intermediate
4.25886123015157,8.36170321707156,9.81194444213639,47.304884631196714,Intermediate,Intermediate
1.9435102923728111,8.489207601619677,6.707279244661631,54.15270505524313,Intermediate,Intermediate
1.339333296799344,5.567209603847526,2.1363826740805245,93.76561359640266,Intermediate,Intermediate
0.6834881369964376,1.0574728454515023,7.085598058678906,82.35631322634327,Intermediate,Intermediate
3.159018244347088,3.583343198574215,3.925936138885291,100.0,Intermediate,Intermediate
3.549039628290271,6.55234226538168,7.1769447701748765,47.13554828699281,Beginner,Intermediate
0.5746452301753526,9.830675602246812,1.6267703334616517,60.188805906839214,Intermediate,Intermediate
2.8044187623467645,6.686321743150016,2.5739329345836346,72.80491644734047,Intermediate,Intermediate
1.5192309883907207,3.338232229577438,8.701635330152076,83.36930774337293,Advanced,Intermediate
3.403277556842524,6.706051327896502,3.044616013211634,51.974173654642705,Beginner,Intermediate
1.2846489305224615,5.8598684174427,8.53337012718646,42.46016991128312,Beginner,Intermediate
3.609219821461097,8.018608556360292,3.5134847960896938,38.75356751281464,Beginner,Beginner
2.2403090583524183,1.9628257494426258,6.785937190528369,69.37340991991172,Beginner,Intermediate
4.715284949315305,7.849251122518252,7.247355161588479,63.74084974789825,Intermediate,Intermediate
1.1188442486569696,5.871399208084992,5.613892778305477,71.66660426466441,Intermediate,Intermediate
2.0347985797261634,9.666928034730951,3.7477960902705814,87.04922982072617,Advanced,Advanced
1.010630845582651,4.076849494348175,2.913799387339865,100.0,Advanced,Intermediate
4.661121282253532,6.693597038205533,1.298704191061836,72.66972987798623,Beginner,Intermediate
4.448027090214414,9.388252949590157,3.7355176111665145,83.07032947629826,Advanced,Intermediate
1.6607373247182002,1.9225875519161133,6.878465114781547,100.0,Advanced,Intermediate
3.4699282071538056,9.43505638512806,9.444743366036343,48.632661098637996,Beginner,Intermediate
4.177499900905471,7.19097150070732,8.840840340367468,32.820185552328184,Beginner,Beginner
2.9984036521975805,1.610533531946547,7.8945829888177235,100.0,Advanced,Intermediate
2.8834276026020293,3.708672102521346,8.096026089279688,74.70614000006702,Intermediate,Intermediate
1.5883353090520327,7.373548797807534,6.984864131283957,88.1346861188656,Advanced,Intermediate
0.9189624551265465,1.6061554132189453,3.342581718094027,100.0,Advanced,Intermediate
4.5374709107899704,6.23953414158646,9.16475527635247,54.77997862131225,Intermediate,Intermediate
4.551881257234987,4.112947512576611,7.036590807152506,82.13793268044014,Intermediate,Intermediate
3.348956557729706,6.588239659907294,6.04396567882396,47.56763176543398,Beginner,Intermediate
2.0256340597191533,1.4116783043126158,1.9989052229213295,93.12598383507883,Beginner,Intermediate
2.071443085756974,8.843831255371386,5.023499894257829,95.80492097444649,Advanced,Advanced
3.766800554916077,9.761400722596573,5.143224440817336,53.360040690234975,Intermediate,Intermediate
4.536996169786597,9.719900697571223,8.78107248570403,8.358602388294493,Beginner,Beginner
4.491888909193028,7.746866485686322,5.919833981690096,90.94518239530103,Advanced,Advanced
4.009439956359307,2.170776161175688,4.423604940733687,87.54825218586596,Intermediate,Intermediate
3.389142407694295,7.824368763361203,9.791202956595933,70.0733899437684,Advanced,Intermediate
0.8786298424777197,1.2212822481292136,1.9964853399368412,95.77444110825955,Beginner,Intermediate
1.227329213425762,1.1991119637609753,4.802935854807501,82.5695811520837,Beginner,Intermediate
4.543493848371857,3.912491972345871,1.3782220765426476,95.28567365311226,Intermediate,Intermediate
3.2289307684681545,5.397788713641992,7.659137086902373,84.27482804649972,Advanced,Intermediate
0.5413867322748334,7.933666760270139,9.262688969792356,23.544661486522248,Intermediate,Intermediate
0.9566219428971445,7.149658389458547,3.5203359659544047,60.67390831240608,Beginner,Intermediate
3.485757960986251,5.013124357390735,8.725075091192089,46.22963594721242,Beginner,Intermediate
0.5227771273079841,3.462639996534993,3.62996407415708,100.0,Advanced,Intermediate
1.2236362313787439,9.9741205014194,9.196931454795237,66.518883428136,Advanced,Intermediate
2.9693020521496374,4.835631720123756,7.785657132371055,87.05361627691963,Advanced,Intermediate
3.6135283896171195,5.062483218967079,8.244160991572947,80.62380181420616,Intermediate,Intermediate
3.4338256677617025,2.4726143907250226,1.1620590004040905,100.0,Advanced,Intermediate
1.509211892572519,8.153285938749365,9.665293213666233,68.0473725217297,Advanced,Intermediate
3.7048064960639113,7.243140032033398,7.540038928632909,53.10063170966656,Beginner,Intermediate
1.5676208937356004,2.9869265150988435,3.7427598584751998,68.28400729521971,Beginner,Intermediate
1.9642986417167048,1.7414294105425843,8.464551983729622,100.0,Advanced,Intermediate
3.8592113230311087,7.124493718672418,3.5336907857343696,99.49054292662261,Advanced,Advanced
3.423348045712466,6.890600928530217,8.85478455609515,46.83045752920536,Beginner,Intermediate
4.3215053472238,3.459335742983884,2.013223513707433,100.0,Advanced,Intermediate
3.459258015351545,9.557772060253694,7.333173797147162,46.885046501658316,Intermediate,Intermediate
3.057388715009622,2.3595210260281023,5.866286289804193,100.0,Intermediate,Intermediate
0.9215364552264161,4.891013209383417,1.8688102317589674,88.69423002674183,Intermediate,Intermediate
2.154721113767451,9.49254328150839,3.177044454329551,77.31587660671747,Advanced,Intermediate
1.6934106545677645,4.7775458523351,1.111636326495833,67.23398208570369,Beginner,Intermediate
1.597953395205876,6.74673352897677,5.218911689180553,100.0,Advanced,Intermediate
4.878547496386005,4.578349581665148,3.711387346840003,98.5542557702348,Advanced,Intermediate
2.268939761000422,3.4679368211380304,6.38521735867983,76.42101608587483,Beginner,Intermediate
4.51420949829701,9.855798831638454,3.675140269377555,28.34091807557337,Beginner,Beginner
3.340123816987683,4.684006056835387,3.699272003562862,70.36120815587634,Beginner,Intermediate
4.076650865937418,9.04689283311221,7.6887387885844305,54.670153983594005,Intermediate,Intermediate
2.7618669189733644,3.0695914530197754,1.4332855238051811,100.0,Advanced,Intermediate
3.096067480818616,2.9179423362257495,9.126054956727884,51.48810449700245,Beginner,Intermediate
2.7163296221848876,1.2802067459606024,8.670374869520632,98.28119948203121,Advanced,Intermediate
1.3785934450912003,6.865001428382966,7.0102421490376585,63.479162627502376,Intermediate,Intermediate
3.751034518676774,4.316737093513851,6.338994130966459,96.04735043193588,Intermediate,Intermediate
1.763475630983851,8.779224248556734,9.03072248325687,20.170126508008046,Beginner,Intermediate
0.6094218489415423,5.258889160224014,2.66797161575843,39.81747302956263,Beginner,Intermediate
3.404625331582255,9.713740851232496,1.7107224597174575,86.89680673841798,Advanced,Advanced
1.2969980573317201,2.6697296413280904,3.155591529185843,86.67980638541212,Beginner,Intermediate
4.732063629588114,8.817608511600497,8.151204508301714,61.320284590693745,Advanced,Intermediate
4.792678596511643,7.989371675125676,1.31203240053835,64.5963661562892,Beginner,Intermediate
4.616889755992018,7.938296601796468,6.245261515751407,71.21362259363887,Advanced,Intermediate
2.1657141511494995,8.60304905305199,9.95893764572179,65.64235644065789,Advanced,Intermediate
0.5695547743799034,7.84921591848699,8.701264844537855,82.17694902681205,Advanced,Intermediate
4.677433531644764,6.635982894682739,5.693011201392305,77.866397905025,Advanced,Intermediate
2.4268286674279143,2.1812038991414884,1.572768183579781,100.0,Intermediate,Intermediate
4.849946685696513,1.2927356154212672,8.482361629471388,100.0,Advanced,Intermediate
4.836289896901638,9.287630630341182,6.390806573594895,39.12876811962292,Beginner,Beginner
4.338542549603121,6.549852830686643,2.0343969735361016,73.94128435005081,Intermediate,Intermediate
1.8250200143131357,8.168835618785586,1.844715563410206,88.80885874300938,Intermediate,Intermediate
2.232939778708664,5.33370116361295,9.186641374929332,92.35549517637216,Advanced,Intermediate
4.330115021825856,2.0557737006615504,7.022802366442706,70.04824439812106,Intermediate,Intermediate
1.9261490232032494,2.126672129822954,8.4635811938508,100.0,Advanced,Intermediate
1.2627173600874162,7.170087585060743,8.910810102540406,31.703389242902308,Beginner,Intermediate
3.0056056810625758,4.872753054095164,6.1459511684349,99.16401670064411,Advanced,Intermediate
4.712696483723514,2.8047225403030307,5.657017165795372,99.08537584403133,Intermediate,Intermediate
3.6321340850373787,5.424350920672932,4.873846692888912,52.76065947132026,Beginner,Intermediate
3.0652752654021422,1.577880433676207,3.8525192901200738,100.0,Advanced,Intermediate
0.9372942219684584,6.237742617229589,4.911363647728406,69.13264788972512,Beginner,Intermediate
3.267532520146264,3.4209406399158793,7.964916901571407,70.64638080772585,Beginner,Intermediate
4.955242325469185,8.178031905734693,6.417310879136184,58.985347702088525,Intermediate,Intermediate
1.130378068564358,3.793257630312164,9.032709609593615,62.46979753457949,Beginner,Intermediate
2.8324834356368154,5.09698134173621,4.99042012941269,75.84996558244404,Intermediate,Intermediate
4.4481788236758,1.1045848591729057,6.463806208468786,76.05535884633761,Beginner,Intermediate
3.83345877989392,1.65202199015103,6.681767977827898,100.0,Advanced,Intermediate
3.636570834478706,4.532442007660164,6.32527446075693,55.072525725855364,Beginner,Intermediate
3.6611783779419915,5.319449512454112,7.323703957769647,95.02466636527805,Advanced,Intermediate
2.1177101804888983,6.400184933073733,3.1369012153732565,86.50658345205568,Advanced,Intermediate
1.82116329919022,3.624963208383729,5.611273997912116,62.52555365668921,Beginner,Intermediate
4.142125199653311,7.254836975138883,1.938023225275129,100.0,Advanced,Advanced
4.145510276056314,8.741101574702842,4.460601948803313,61.29369335969221,Beginner,Intermediate
4.401825433610467,8.018658900040148,5.38900361759138,32.064352493898156,Beginner,Beginner
4.609582486504121,1.3565694281352143,6.870018335909252,100.0,Advanced,Intermediate
2.80104079487422,5.32456252532046,9.55477947327583,91.01433671784882,Advanced,Intermediate
2.756823326092398,1.9443716057635738,6.405859598935203,72.29337586754914,Intermediate,Intermediate
4.092328305350488,3.178405142762747,7.692345245589038,100.0,Advanced,Intermediate
3.4248376884999434,9.879963339404318,5.556394535456825,62.733850486445746,Intermediate,Intermediate
3.658850947659665,2.282459886113619,6.706936282386982,100.0,Advanced,Intermediate
4.081067012462455,5.489993381062204,1.638389945203961,66.79559071035035,Beginner,Intermediate
4.505024038179048,6.563401608863072,3.289524227576623,100.0,Advanced,Intermediate
2.020978205831911,7.322184734896935,4.256677838846248,52.31748978146688,Beginner,Intermediate
2.190123286879748,6.036838151382227,5.252440195058622,37.16391527476105,Beginner,Intermediate
0.9229187292839105,1.087937626772653,1.4108387095214536,92.26099898511703,Beginner,Intermediate
3.102260634482783,3.938151774195927,2.2602168779798593,89.85788643526406,Intermediate,Intermediate
0.6617402320853394,5.6594047904624025,3.491328770121752,94.1807680273429,Advanced,Intermediate
2.5951910815960706,1.7907984923035003,9.743794218109455,86.66432442002068,Beginner,Intermediate
2.9419008561840947,4.155642380882627,3.9821230639274567,79.80157610000008,Beginner,Intermediate
1.7894356345772797,1.298827979122299,5.338369523008743,85.9890309322184,Intermediate,Intermediate
3.1587496725605484,1.7072064743951867,2.764879414645536,100.0,Advanced,Intermediate
0.6372511247257224,4.5723094858143645,6.497020639681915,100.0,Advanced,Intermediate
0.6680668493714649,2.194441786387543,3.5261489396437686,83.48735270837096,Intermediate,Intermediate
4.201702522968462,6.107867634354023,2.8629332059458408,81.6416936244639,Intermediate,Intermediate
2.120857886350683,7.2051847222353915,5.649153656013811,88.26734267797654,Advanced,Advanced
1.0717723069334815,8.205280291981746,1.0495521924437874,63.08001313776968,Intermediate,Intermediate
2.8500946702466194,2.8013521982032907,1.0689762938430278,100.0,Advanced,Intermediate
3.9649709889437488,2.507343240331628,2.9716192819167198,100.0,Advanced,Intermediate
1.4711946237357942,1.9411105630096022,1.3304922625073903,100.0,Beginner,Intermediate
3.303007141185501,6.72787224589273,1.9722317871762223,57.95030239274823,Beginner,Intermediate
0.884063592471956,7.35828153838211,4.049745844048765,100.0,Advanced,Intermediate
0.7325677452587347,1.2842753034307783,8.223271116218315,88.3291426002236,Advanced,Intermediate
2.891095842056666,9.42591021619321,6.148437790323707,77.98730264620745,Advanced,Intermediate
2.9328580472454795,1.4677415528632518,5.614009533607748,100.0,Advanced,Intermediate
3.3684345567419296,5.871667017709634,3.6413994088730948,100.0,Advanced,Intermediate
3.767411001751977,7.381544675058247,9.385783474895348,69.71585869897243,Advanced,Intermediate
4.891334357581406,8.83872211371477,4.573135371134725,67.1557578819276,Intermediate,Intermediate
2.823351567355379,7.4267823891918505,1.7838349011619434,96.24577620953298,Advanced,Advanced
1.9533041282356067,8.215552747628127,6.5535986450602115,51.001598546413575,Intermediate,Intermediate
4.078337876459166,4.0550517328852544,2.0245455412894127,86.04819523606568,Intermediate,Intermediate
1.718745130679334,8.33342602371861,4.107008285215229,100.0,Advanced,Intermediate
2.4753713931753625,1.7210336174620764,5.56670744846028,100.0,Advanced,Intermediate
0.8530537160401968,9.05334990454475,8.868002722166583,31.107955245392628,Intermediate,Intermediate
0.6140783453695589,5.928331385383626,5.441919223061068,79.5404627550663,Intermediate,Intermediate
4.831917866050663,8.355679929662443,7.3203288942849785,74.31384704525287,Advanced,Intermediate
4.261910542304927,5.070864560664702,9.935351550991633,84.88563341467298,Advanced,Intermediate
3.631883927421641,6.792199256768725,2.1834020790818345,87.68767901872884,Intermediate,Intermediate
2.3402882498642144,5.737623948425019,3.4725837296756756,92.72640080597634,Intermediate,Intermediate
1.279824440318806,7.584305695797987,4.551184680378817,59.83679020066673,Intermediate,Intermediate
1.2039666920198873,1.7346698382753063,4.796453606849482,76.63987344652118,Beginner,Intermediate
1.626093041740679,1.5431687559150742,4.699189677389912,92.7254771608692,Intermediate,Intermediate
2.971519991177542,3.223929106091318,9.168499023008994,62.343479211259044,Beginner,Intermediate
3.7156816521502805,2.435902121018695,7.426293800201708,100.0,Advanced,Intermediate
3.4708881952297905,8.846052099329814,6.471146926816334,76.64881351992068,Advanced,Intermediate
1.7597025362567429,2.9729258862223986,3.784354460765039,91.07953957649124,Intermediate,Intermediate
4.796893762984373,9.782787302372181,8.414113457991652,64.78252795847081,Advanced,Intermediate
3.820536125130958,4.032062125939961,9.5955446033649,100.0,Advanced,Intermediate
2.994593236301303,2.6390612411982937,8.390784542952039,100.0,Advanced,Intermediate
3.2527433580545853,8.107286564282312,1.0140859467232561,100.0,Advanced,Advanced
2.3882002809250547,6.928369979507885,6.727612331650663,44.17561530933955,Beginner,Intermediate
1.6147894527552085,5.483761448078251,1.4602184329789065,52.2441698517752,Beginner,Intermediate
2.1018770539306773,5.998271958438681,3.318464983003497,72.44906326068237,Intermediate,Intermediate
3.910307497089661,7.472816004450374,1.5357223031299452,76.76139271049924,Intermediate,Intermediate
0.5647706988339014,3.0560926719816885,6.43415907654449,78.26642720408384,Intermediate,Intermediate
1.0223268822811231,9.967005244510677,7.179309221433461,62.528038484427015,Advanced,Intermediate
0.7070118890978874,9.773138459321048,2.030388742593146,100.0,Advanced,Intermediate
0.6832796104353656,6.852931177122432,4.454549947404815,52.65960240955822,Beginner,Intermediate
4.349572628049533,2.7958820583623063,5.106128580599878,71.8843238804082,Beginner,Intermediate
3.6664603672101066,7.122054181881622,4.321477195848249,64.68339189966487,Intermediate,Intermediate
2.6337822308929635,1.6497856808125826,2.0892250043667375,97.25884383053274,Beginner,Intermediate
0.9402537229295067,1.2758725198522547,4.770530111687279,77.18326078579122,Beginner,Intermediate
2.7122714380257458,3.3191459966009234,7.760602430275763,54.91382607465953,Beginner,Intermediate
2.6306229685125455,5.163606610653847,1.639068980799299,53.45725183123845,Beginner,Intermediate
1.2794084145950684,8.814452548675424,1.7216201267371312,50.151857738897824,Beginner,Intermediate
2.452332421570879,7.544521627896772,4.192941626523858,64.17798696317055,Intermediate,Intermediate
2.2932713047881803,7.684358690799829,9.475531404570326,69.99740979245887,Intermediate,Intermediate
3.271325441234974,4.829440010032679,7.017153820506227,73.24032540833743,Beginner,Intermediate
3.357921428904397,4.113414932922666,7.108029610053083,65.75603155756468,Intermediate,Intermediate
0.7038680439742003,4.339348866861425,4.257279917540785,94.30988353426054,Advanced,Intermediate
2.1857567658191206,9.88884607362452,6.342947120876846,28.76373191798238,Beginner,Intermediate
3.3163696207140636,1.3609827227123423,1.0911806562496904,100.0,Advanced,Intermediate
2.7641131636103946,8.803283465102037,6.72486441768588,57.983155178299306,Intermediate,Intermediate
4.35420428534745,6.208078677151541,9.21958252818613,58.03462413882822,Intermediate,Intermediate
3.4641213422852526,4.947538772706315,6.513161215103373,98.5281458967109,Advanced,Intermediate
1.2332049218664336,7.527318943736229,8.863287341197106,65.9344784741972,Intermediate,Intermediate
0.8175593633019342,5.380020472822325,7.515757499194844,39.91041003494877,Beginner,Intermediate
3.39088675192842,8.860809142734945,2.085025747633212,99.39298926819961,Advanced,Advanced
0.6193008974372982,9.106316776101327,9.122079765572575,19.815652679573873,Beginner,Intermediate
3.1359901157305847,4.795488341861098,1.597994599201974,100.0,Advanced,Intermediate
4.731036086412309,3.4914501751154643,5.805707252929874,100.0,Intermediate,Intermediate
3.0896338004414554,6.33115295734026,2.279234114141119,100.0,Advanced,Intermediate
2.2467646679293485,9.211270110550219,1.1053594965781366,80.99173651221409,Advanced,Intermediate
3.3947969829905893,2.895959701050999,4.798308341148751,59.57661667455293,Beginner,Intermediate
2.562138007211825,6.606699252071345,3.6553663688874063,84.73668965372636,Intermediate,Intermediate
2.9552755519217073,6.684041980832685,5.374004444178427,50.153749097996304,Beginner,Intermediate
4.736591639494363,7.5980172017375285,6.194798980610957,72.69418590699907,Intermediate,Intermediate
2.237461870103484,2.1841091661453382,1.393651650780526,100.0,Beginner,Intermediate
4.825357537207614,7.442424682138797,2.1070296561137107,88.76295823380366,Advanced,Advanced
4.574077888802287,9.181292685990769,6.027781568053828,23.708809428303795,Beginner,Beginner
1.381060106551834,2.6171479798321777,4.088506178553924,96.5743439105036,Intermediate,Intermediate
0.8121258539382445,3.1378899243148988,7.562561387945032,93.07046232911338,Intermediate,Intermediate
0.9535010061984199,9.742555846374756,6.8706248373274565,61.270743358286275,Advanced,Intermediate
0.5819982154319738,2.628792574385408,8.610439266909161,81.37096671493794,Intermediate,Intermediate
0.9249933234016778,8.689465840326212,7.2324354400230275,48.55580109000975,Beginner,Intermediate
3.5735304803736057,5.430500708032313,4.869379696511333,81.91057898540072,Advanced,Intermediate
0.8203489180710304,3.2250796696285935,7.056699601549892,85.05768246159835,Intermediate,Intermediate
1.9353903363219258,8.836749111452603,3.4784305682987666,59.979931801852835,Intermediate,Intermediate
4.301938899362545,5.007747295023989,3.756821489003914,64.93236496758134,Beginner,Intermediate
0.6047237108112165,5.633356185367211,8.10086643928714,54.6284626611394,Beginner,Intermediate
4.1651081716502105,4.233100324597891,5.01777564761424,100.0,Advanced,Intermediate
1.7683464864802998,6.3365576629143465,8.185423064665173,53.658718470314206,Intermediate,Intermediate
1.0317417242974531,2.4717148532652047,8.401801363014506,57.423560262295666,Beginner,Intermediate
3.635317244138678,4.519733829865846,8.718061038951554,100.0,Advanced,Intermediate
3.330242810509478,9.724710901017588,9.249717122570866,46.916623066440444,Intermediate,Intermediate
4.4486240608717385,3.3232008943101476,4.878866984619666,97.15058585043874,Intermediate,Intermediate
3.807819697117486,6.910629980871629,3.8698013648902494,96.34039910280151,Advanced,Intermediate
4.115664186731818,3.926710578022254,6.2397887193470245,100.0,Advanced,Intermediate
1.769155576570879,7.961258131179406,4.340551810938648,43.21059301191381,Beginner,Intermediate
1.2984779470087526,2.177862946465148,6.4096675012020965,82.2065662963936,Intermediate,Intermediate
3.8777663823838626,9.728389405706903,7.350272763794422,56.94421183856269,Intermediate,Intermediate
4.130756326702688,5.084105872452753,7.195645166429232,84.2662752429041,Intermediate,Intermediate
4.95727313900303,3.1244541701181756,4.370975983181092,100.0,Advanced,Intermediate
2.356779546101419,1.6614707259701138,2.501741815288775,78.42797281004582,Beginner,Intermediate
2.1740813860675243,2.5278211457878665,4.874764046159868,91.104337850272,Intermediate,Intermediate
3.9938583233389857,5.677965537004159,2.283347296737179,100.0,Advanced,Intermediate
2.03361593113858,4.033028587881576,9.010873316654274,78.4335916623119,Intermediate,Intermediate
4.688407965216041,8.459950292943486,4.112897146640717,32.12068879670155,Beginner,Beginner
4.362857383293553,4.877987712956253,2.390137725009914,87.50982034429398,Intermediate,Intermediate
2.4304731231875825,3.238428453288669,1.229029839151758,77.66198065859705,Beginner,Intermediate
3.878919805061738,6.554304879436271,6.8124014765783585,35.05857561304427,Beginner,Beginner
3.8954429333810707,7.360994951969012,6.732120857092689,61.9507434999296,Intermediate,Intermediate
0.9640574097616967,2.5033771711085486,4.065437499231625,92.38642725069866,Intermediate,Intermediate
4.56148808005805,2.508572946594859,1.6454069996288592,78.90458903196753,Beginner,Intermediate
2.773635676015357,1.3300428424018866,4.686660054057088,100.0,Advanced,Intermediate
4.219058597484837,7.627618135590764,3.800957455570542,65.17297243882258,Beginner,Intermediate
1.940223204637753,6.974240748596245,7.094085757615084,60.20950782316835,Intermediate,Intermediate
4.529854528232902,5.2716778817483245,6.452013245074213,74.78228141903838,Intermediate,Intermediate
2.251407554303734,8.597534040722774,4.28134355377786,83.58065201228526,Advanced,Intermediate
0.5487694316613426,8.251031376550479,2.961032988294911,44.81157564868951,Beginner,Intermediate
4.574218893886687,6.26818927957077,9.892323695400327,39.77712983962214,Beginner,Beginner
0.910790045537601,8.814441524619328,5.086014590765034,41.32325456558589,Beginner,Intermediate
1.936911369156867,2.8525708903309144,7.194468122022133,84.95130645127118,Intermediate,Intermediate
4.775278851728622,2.007276574579551,2.264976708205247,74.57635558152228,Beginner,Intermediate
4.777732161219003,3.4277465036529065,5.37030729693458,100.0,Advanced,Intermediate
3.0804704965547876,1.5137817048038338,1.2478304788251893,100.0,Intermediate,Intermediate
3.3432674547640966,5.780525752009288,5.549096061194049,72.65191674257102,Intermediate,Intermediate
2.518004848902439,9.429451230654653,9.67615666405932,25.44209298056136,Beginner,Intermediate
1.8194484726412905,1.3540918660165868,4.457860416872202,100.0,Advanced,Intermediate
1.978990454164622,2.098989226090241,1.3509641131742043,100.0,Intermediate,Intermediate
3.526333052346673,5.069791254550918,1.2786021182740916,96.40174652256124,Intermediate,Intermediate
3.88568538246956,9.404875157751144,4.4918808395218255,37.758475595186596,Beginner,Beginner
4.062105696766318,3.8454049447907543,2.4402244281687464,64.33894896061902,Beginner,Intermediate
4.0532816425754925,5.565113278195532,1.2101688669536732,96.35677372141257,Advanced,Intermediate
0.9104274637191067,1.3741557314535289,7.805922525551591,79.88831789344115,Beginner,Intermediate
2.7248913711616165,2.3350888086587998,5.126707079937016,100.0,Advanced,Intermediate
0.7590144200748993,9.879671106629623,3.603202947753891,66.28568246696548,Intermediate,Intermediate
2.97287997045681,9.68606826792441,9.100748647148327,72.37944799755971,Advanced,Intermediate
2.4868872561801965,1.0444598284096864,2.0452506418047305,100.0,Advanced,Intermediate
4.494668822412349,9.566306068809151,9.603269460597874,57.109897096505115,Advanced,Intermediate
2.079117556484354,6.752079440339504,3.8257004563961754,64.95842733113358,Intermediate,Intermediate
1.0268015739242264,8.811264650680199,8.995633050778132,18.063277628409615,Beginner,Intermediate
1.1434625692377614,5.092658700704732,6.426485888315154,87.37883571703419,Intermediate,Intermediate
3.926797842728625,5.640364257213252,8.440366237673388,41.54563144337209,Beginner,Intermediate
3.281981284923175,5.399619222312282,9.856118468894179,93.98213917386492,Advanced,Intermediate
0.9550520425525562,7.001778317914939,3.5956489403687115,92.33530328551267,Advanced,Intermediate
0.8784806275174885,2.256861292806816,9.650219368668337,93.00262334753668,Advanced,Intermediate
3.65436109156604,1.2697623088541015,4.505337054121783,100.0,Advanced,Intermediate
0.8274335286388709,3.7713694743207182,4.4696071426323005,100.0,Advanced,Intermediate
4.198370266806603,7.342126864629821,4.063483938290551,65.28130169104215,Beginner,Intermediate
3.6780900222042328,2.816681069106535,5.872668466128267,57.45648845828441,Beginner,Intermediate
0.8660695128885489,7.060891899924256,2.387305388606384,100.0,Advanced,Intermediate
0.8817697133833636,9.729208414965434,5.983403368222101,44.99767354581009,Intermediate,Intermediate
4.93987810325529,1.8451064421047656,5.875343311690036,100.0,Intermediate,Intermediate
2.1842185809025416,7.053419064026136,7.85711631344383,79.70904279698794,Advanced,Intermediate
2.1678896618010093,4.993751973741141,8.50284965743827,46.31709533371763,Beginner,Intermediate
4.157598052658761,8.813280289397548,4.963972152811817,48.327474323325454,Intermediate,Intermediate
4.762618598227364,2.594348105026473,3.7209992441634436,94.88133191486493,Intermediate,Intermediate
4.937004787202919,7.23363357003548,3.33401407585385,62.246929958601,Intermediate,Intermediate
3.8902018336652375,8.543037606832993,2.7516145303438475,72.21419737712908,Advanced,Intermediate
2.193168134889121,9.501527975266209,1.5188282397912238,69.13186218646979,Intermediate,Intermediate
0.8757532251440094,7.1492322546068126,4.08203180951242,65.65351223007113,Intermediate,Intermediate
3.9971611216734657,5.474572876075846,3.4322292291770493,99.17393309333943,Intermediate,Intermediate
3.0128191238111226,6.560625161810925,9.697756472797666,68.10382192348061,Intermediate,Intermediate
2.408999041611393,8.820144860308464,6.019379436250396,54.8154592030742,Beginner,Intermediate
4.578594732926312,6.1354877197494675,4.125493351274568,90.13725230234998,Advanced,Intermediate
1.000388670377681,1.2734835372715319,6.224208408943264,100.0,Advanced,Intermediate
2.716812969308866,9.3785382595628,2.2527703121112594,20.142288169041688,Beginner,Intermediate
0.5510914014533859,7.20574075928405,4.996393742819826,46.16409116825303,Beginner,Intermediate
2.608972888973568,7.088620471995219,6.636108892789575,85.63355444190199,Advanced,Advanced
0.7533647405682681,2.9410763715794546,5.400080486132063,90.63485746072426,Intermediate,Intermediate
1.0346806232063237,6.929969232093915,4.616009205888918,71.07844211644695,Intermediate,Intermediate
1.028868110496972,4.544779650887426,9.944635500097284,88.1081209627877,Advanced,Intermediate
3.421446359522286,6.861096793373429,8.922832859340343,31.793591113477717,Intermediate,Beginner
3.857201956694405,1.9593372727719165,6.610653623434961,72.93357112665532,Beginner,Intermediate
3.1251594429372185,6.920607741427324,6.124396250640545,71.85817146024215,Intermediate,Intermediate
4.829776468135439,9.994723531936,6.585944318421257,63.64880341134474,Intermediate,Intermediate
2.1869176078566683,1.4339083497450043,2.8118089704018994,100.0,Intermediate,Intermediate
1.7857043882683734,9.794567657991855,4.5562396893788675,76.05107197477173,Advanced,Intermediate
4.408696076852571,4.662171646505835,1.3551357960180939,83.67315360172627,Beginner,Intermediate
1.5061812733375368,8.836781053035333,5.27991433738144,36.40300947668423,Intermediate,Intermediate
4.834501427482751,8.04146935652446,5.887221255618969,76.98150414424936,Advanced,Intermediate
0.5546951361041735,6.10314634888001,3.0497476249288864,72.67692558022617,Intermediate,Intermediate
4.8644547201843755,7.646042883261939,9.676259624489624,32.395788711908324,Beginner,Beginner
0.6942196037775925,8.906640051712131,9.185091498435177,25.924597123842165,Intermediate,Intermediate
4.51014401164132,4.637262894859297,7.499289119103153,67.51217479083124,Beginner,Intermediate
2.874654990888349,3.943298454069148,5.800479658888263,80.38396975614701,Intermediate,Intermediate
4.968341582536851,7.0083404700722625,8.829722436829165,41.65709725074054,Beginner,Intermediate
0.8320845413092949,8.270613477471327,2.1758710944111663,74.3502315800088,Intermediate,Intermediate
2.9923442798059434,7.860566212989542,8.114588148473965,48.97830343839989,Beginner,Intermediate
4.861861410285945,8.18032283972771,2.1233873257016347,54.108722475516075,Intermediate,Intermediate
2.8539402987656697,4.920249833316397,8.147895962944649,72.07827459928218,Intermediate,Intermediate
3.332293871608681,8.360507945575193,3.481908114262213,99.213518536386,Advanced,Advanced
3.630869100430777,2.081881498335476,8.8938152291637,100.0,Advanced,Intermediate
2.5454347914549795,5.900401881647646,9.49637884442858,32.49616012709301,Beginner,Intermediate
3.3240113603782855,1.0518279444830942,2.3391637246460406,100.0,Intermediate,Intermediate
3.129414403653951,3.9212724691024325,5.164080445588541,60.97197629965816,Beginner,Intermediate
4.5552110472094505,4.298153813842581,9.828886403464166,81.8120714251647,Advanced,Intermediate
0.7045087115365605,4.565554224483298,5.35066692375832,59.59211693563495,Beginner,Intermediate
1.7643343531650364,7.25920486020876,8.771927702630906,52.4706666229135,Beginner,Intermediate
4.7768516783445145,4.4970229114331115,6.298583699181878,92.64548668991398,Advanced,Intermediate
4.506187027509124,5.038242603602776,4.377969171276417,76.79813972536687,Intermediate,Intermediate
2.5504553875357083,3.1378971778689473,3.5720519997328317,78.1921639519599,Beginner,Intermediate
3.2905966901069155,4.35926612466406,2.8290078197747857,100.0,Advanced,Intermediate
1.748215323415097,3.045426645368363,7.856183722399275,67.91246427251153,Intermediate,Intermediate
1.3465452187569258,1.6587633139159927,4.478864561407251,100.0,Advanced,Intermediate
2.5866428222299196,6.431037340432401,5.60147915980676,50.05146149444845,Beginner,Intermediate
2.0900850261172375,7.013915186995146,5.430929320010637,78.39441955937389,Intermediate,Intermediate
3.1264525033289243,6.575413114086531,6.195511263098181,58.8148766582462,Intermediate,Intermediate
0.8498058663424317,5.171446394205152,8.79019431062097,97.59537992466576,Advanced,Intermediate
4.884776634497749,4.418072021613068,9.826654092250864,87.45136949418263,Advanced,Intermediate
4.937948350158213,8.770002846146427,4.668257877164352,71.06579542862485,Advanced,Intermediate
3.6417277130888532,5.671736066225963,8.447670298956726,53.21052565123071,Intermediate,Intermediate
2.9124336485485416,5.312636898667579,7.8807501518924585,89.13845033007001,Intermediate,Intermediate
1.892874273288475,1.2307785922579213,6.1617605631001595,73.7616651210555,Beginner,Intermediate
4.162077588681269,4.071230448635407,9.604424292507398,80.19561604660565,Intermediate,Intermediate
3.5812902764924566,4.421760569072713,2.804270639755625,52.39719128928826,Beginner,Intermediate
1.231776227052011,4.589405028072104,1.9833778927865926,100.0,Advanced,Intermediate
4.5991723302222915,6.221551323045991,8.6856577025988,91.76771656064493,Advanced,Intermediate
4.201417593154261,5.802422920541906,4.952348349703735,73.57643820662717,Intermediate,Intermediate
4.774099609813658,6.471145835141002,8.622719687863544,78.71445318214927,Advanced,Intermediate
3.7657377877476197,7.883949353879155,9.037811846758734,80.81279897335799,Advanced,Intermediate
3.2603683817110545,8.316871648444842,1.562118342571643,80.50110359731133,Intermediate,Intermediate
2.382093663307785,7.46310768603845,8.951182866874547,37.6562057731585,Beginner,Intermediate
4.69727817509306,9.599713263594412,5.0348714983248,57.00560676907585,Intermediate,Intermediate
4.397287502751837,1.1640932440872547,5.59389240103809,83.00852741670862,Beginner,Intermediate
0.7034840154778523,2.7620018711519148,6.639332599838892,68.85495731392197,Intermediate,Intermediate
0.6186513852376341,1.068065874803279,9.33744346057078,82.93459311812875,Intermediate,Intermediate
2.1940851509512234,6.827272427391427,1.1720448498678762,85.87886473051078,Advanced,Intermediate
4.147489988518248,9.082274940549881,5.291591214860354,64.75977509969458,Intermediate,Intermediate
4.94274258191725,3.1913406691866935,7.189498381875046,75.7166617981082,Intermediate,Intermediate
1.1768760099658768,9.34331090316676,7.5043626192840565,15.054576839522253,Beginner,Intermediate
3.173588219084608,1.5424065126060476,7.232791883833972,100.0,Advanced,Intermediate
2.214008854839597,9.409924241249628,2.2099161646730967,47.814192314390425,Beginner,Intermediate
4.864614790165715,4.16460418515671,3.694560295345131,66.04101436262295,Beginner,Intermediate
4.289535154110689,1.9127874560429485,4.228439728753122,100.0,Advanced,Intermediate
4.27247917120012,5.372845832676931,8.239934869115544,71.36728021196257,Advanced,Intermediate
2.609119219077366,3.3109891094845714,3.508838851730977,100.0,Advanced,Intermediate
2.3666877605194934,3.5638561176573056,2.8963446748048285,87.68400431979438,Intermediate,Intermediate
1.7303318236881782,3.765609684336579,9.617032171342865,89.740047965648,Advanced,Intermediate
0.753689734929172,8.22723308049397,1.07976956602122,94.02767402458349,Advanced,Intermediate
4.3912506931477395,5.85245149007729,9.980387701137804,85.09723631795333,Advanced,Intermediate
4.158054541085349,3.8017692924040327,7.091391689716561,68.18644348652928,Beginner,Intermediate
4.998729529787588,6.493004049798265,8.456223695042054,43.63140067546695,Beginner,Intermediate
4.984865766832574,7.445356068008742,3.6515745671157385,68.61387046101264,Intermediate,Intermediate
2.9994426752118235,3.453616006601804,1.1288374990035397,79.59304285093839,Beginner,Intermediate
3.9604433683122973,4.7219419137281635,7.64082566705377,70.07544375760165,Intermediate,Intermediate
4.751445784470926,2.096974840032528,8.507301373006083,47.5676881444879,Beginner,Intermediate
4.323413258048351,2.630344145812123,7.664285187581672,100.0,Advanced,Intermediate
1.6130664578443894,7.130060685684845,2.285652585707547,66.52712743933117,Beginner,Intermediate
2.527448608895421,2.6329451292606425,7.7808513003127215,100.0,Intermediate,Intermediate
1.0812173681817274,5.726470453003541,7.920305038968769,70.41172568285207,Beginner,Intermediate
4.793229622664251,7.381416355501894,6.926864641030494,70.55212297687144,Advanced,Intermediate
3.2277858550289604,1.9618923078526946,7.895043395160275,83.15140907146741,Intermediate,Intermediate
1.5288926247655823,6.105809976660132,8.613292957099588,100.0,Advanced,Intermediate
3.5226530798263553,3.309065053312274,6.522437028137126,100.0,Advanced,Intermediate
3.2815770820605312,9.666341877138219,1.7974424257271115,68.71807236259508,Intermediate,Intermediate
2.111732231147782,5.351910820479323,5.388650287004898,81.86319551964291,Advanced,Intermediate
1.0110091648983306,8.253932947976423,1.6988440120444457,95.13668953975228,Advanced,Intermediate
3.522079380167598,5.952038879406356,4.667887279291877,75.55554751268348,Beginner,Intermediate
2.84138465406707,1.3907127956933725,4.663958402130649,100.0,Advanced,Intermediate
3.975432762810377,6.698362380346201,1.5940885972621741,95.62607609129704,Advanced,Intermediate
2.84073575500397,9.562630079859913,4.139384805725314,75.80553151784034,Advanced,Intermediate
4.334816751433431,6.414506381316981,1.9989828891218335,90.62151650110695,Advanced,Intermediate
2.9835807744851848,8.372699734841111,8.274116890083,44.80251925304838,Intermediate,Intermediate
3.0242208719092383,8.957858170135669,9.529192233680236,7.521013160416249,Beginner,Beginner
4.444941211962552,3.0527179475403923,1.6508482773214475,100.0,Advanced,Intermediate
2.315672897955787,2.90840355917404,9.596036865625313,100.0,Advanced,Intermediate
1.1030685280278834,6.498828899658926,5.703189394030707,73.95060656055074,Intermediate,Intermediate
0.6295220434100254,4.699256228260342,3.696091101584865,100.0,Advanced,Intermediate
3.8981176505312853,8.558751725800484,1.6917586774854716,82.86345934780115,Intermediate,Intermediate
3.291392981090591,9.1002081105821,5.50561841263376,32.514023313461934,Beginner,Beginner
3.668358956446506,4.180792413724463,8.150639900416738,47.049051616062975,Beginner,Intermediate
1.4583387267900982,3.1318350307703384,7.363778295400284,95.0376443914329,Advanced,Intermediate
1.1136716401404638,8.024729637194756,1.4520341031757638,78.34963002007845,Advanced,Intermediate
0.5654509955054687,3.4732543199332246,1.6561165183111317,100.0,Advanced,Intermediate
2.077644014629686,8.403528866623105,4.625859543693734,35.06013307003241,Intermediate,Intermediate
3.154629590845849,4.813644282838865,3.6576144464314897,100.0,Advanced,Intermediate
2.2650982029487956,7.0079490936232345,3.0914589075044305,96.40468716655928,Advanced,Advanced
2.468637149106781,1.8598178245120136,3.5290404901784225,84.82818807185308,Beginner,Intermediate
4.5687141252218675,6.614733922089157,8.23134468967196,92.80245915001967,Advanced,Intermediate
2.067149601604852,5.065909108635062,9.363052482686685,48.56924289215316,Beginner,Intermediate
2.8129527012191486,6.279476168579267,4.645924250748098,100.0,Advanced,Intermediate
4.026438557335144,2.5121278697037708,9.154999019192473,66.19382170342581,Beginner,Intermediate
2.2844425204457157,7.631863704497639,3.8934613112309377,82.58902907565849,Advanced,Intermediate
3.2993901510254307,8.765173697889058,5.287932877094125,37.93322245781355,Beginner,Beginner
4.380636689360353,2.9506582008169806,3.0342609803439977,73.53101578738175,Intermediate,Intermediate
4.77284280645939,1.8614309996814555,6.7642843795825955,61.37808745812328,Beginner,Intermediate
1.1618306641806706,1.2127472744170276,9.81083003657328,60.6938094588611,Beginner,Intermediate
4.6696443132267245,6.777743503989394,6.431437864390408,52.27970498245847,Beginner,Intermediate
2.714523318857922,6.463846324799027,4.22032675702194,87.51617781952092,Advanced,Intermediate
1.6620997473453125,5.92027671442663,6.830357013914755,77.44490524677828,Advanced,Intermediate
2.566110903072176,3.087523865043779,2.106286106188488,99.36820332613439,Advanced,Intermediate
4.910146588784647,4.518153963149632,8.997931722388588,64.4512598311529,Intermediate,Intermediate
2.7167814229679133,6.350287016675558,5.527755557018527,91.17381626924592,Intermediate,Intermediate
1.979382246293787,5.470901729732525,5.0441476783567785,60.22411866523736,Beginner,Intermediate
3.350303844425266,9.890069681933985,6.272783096081673,61.12709642563684,Intermediate,Intermediate
1.5806552845018689,2.227957773010598,6.623054765104622,59.99050451299065,Beginner,Intermediate
0.8413849764889876,7.256300986428344,1.6459822560386173,43.046050698720244,Beginner,Intermediate
1.0799587485979214,4.638868912938629,7.143554991010622,43.16421582139431,Beginner,Intermediate
1.076206275309976,4.853796534330533,3.177385122839766,85.22755086825167,Intermediate,Intermediate
1.1835621208053246,7.458379890923586,7.4255736925593085,60.49009103291158,Advanced,Intermediate
1.1247222769223457,7.231925361919327,8.40281314945777,48.56602957793235,Intermediate,Intermediate
3.383936351614466,9.921303943319694,8.235626567972684,19.822993719770544,Beginner,Beginner
1.3184603797961518,2.155548605087127,5.972508706671002,58.09547779391834,Beginner,Intermediate
2.055502774957384,1.936986844457497,5.68152903079676,72.03364851207395,Intermediate,Intermediate
4.535547844577053,7.51904935415867,2.2858836520547055,58.44363925514011,Beginner,Intermediate
2.6328273811829255,6.205482253057681,7.978115353628221,45.496957122672576,Beginner,Intermediate
3.504009823344622,3.4674459990382527,3.4426844240204293,100.0,Intermediate,Intermediate
1.2754394204073343,1.7147743209008794,5.470258805361519,83.91109448688661,Intermediate,Intermediate
1.3653005846390185,1.770924246367875,3.5584668363476504,100.0,Intermediate,Intermediate
0.6839087731991549,9.047717871977065,2.2044552669972384,63.44108678399182,Beginner,Intermediate
1.2602077838247405,2.726805922468686,6.666019272025629,68.99005989394824,Beginner,Intermediate
1.7536565256438137,3.9103440590396867,1.4889883134061344,100.0,Advanced,Intermediate
1.2965471792453607,3.039907620042892,7.7378071071358,100.0,Advanced,Intermediate
0.8991614019067502,4.194966752487436,3.85828115735005,80.8724488725569,Intermediate,Intermediate
1.0428614199527035,1.6248145847148403,1.001212237040368,100.0,Advanced,Intermediate
2.573504456147266,5.671538118174434,5.6001622531350685,61.67442654475589,Beginner,Intermediate
1.4285017328260663,1.6085130723299341,1.4216671767484281,100.0,Advanced,Intermediate
2.1392143747163397,8.203208570401255,3.4855260203880953,60.57833562132973,Beginner,Intermediate
2.765377718846856,3.103408737193897,7.362788387101445,77.97036126029047,Intermediate,Intermediate
3.606776728832144,5.860107231440596,1.5642065945967927,82.59509825230654,Intermediate,Intermediate
0.6769046292849452,8.920711788053124,8.554046431204021,24.069191813807592,Beginner,Intermediate
4.097346795090692,6.8578963214247475,1.034379303927248,91.40554609422246,Advanced,Intermediate
3.3255517527090848,5.796620078962018,3.2214148228171204,89.49690412290445,Intermediate,Intermediate
0.8679156437699236,3.9190037780383804,7.668136505368643,99.2576882398437,Intermediate,Intermediate
4.431103808480497,3.9970172175237813,3.846431347563761,100.0,Advanced,Intermediate
4.643925802393159,7.025382596783711,1.9170314925941216,92.31703310154901,Advanced,Advanced
0.7748508193468868,9.947254250990508,4.242105269203851,30.084178100364998,Beginner,Intermediate
1.7459494166624168,6.9565527086444074,3.4335395774607296,88.11928544839196,Advanced,Intermediate
4.127905759068776,6.020050756330225,8.584407119444993,100.0,Advanced,Intermediate
3.867168606726463,7.575854592153215,3.8201312582662883,83.47552806683615,Advanced,Intermediate
1.3303445871036979,5.186850510553463,8.100392245984064,43.91190270038509,Beginner,Intermediate
1.4420719550151964,1.541281083407067,9.026849303296613,52.80950415156509,Beginner,Intermediate
2.167124462561219,6.0606713429011885,4.904356776188766,77.92006069555848,Intermediate,Intermediate
2.680353433359596,9.618627560548422,9.189488294689529,23.66610169167944,Beginner,Intermediate
3.282146471886332,2.577726481218937,4.395862485668736,82.5519923788735,Intermediate,Intermediate
2.160111378063976,7.210044017385991,9.676705748410974,65.99136669465634,Advanced,Intermediate
2.5814062225991656,2.8084031979315083,1.8036057207301563,100.0,Intermediate,Intermediate
3.8636192216019043,5.822449160257731,7.183173398529185,69.66531156581146,Intermediate,Intermediate
0.6650744130076905,1.8700880468204766,5.444326364112358,100.0,Advanced,Intermediate
1.6359662495480933,5.053338426323666,4.488839249100824,82.32332837133981,Intermediate,Intermediate
3.710073136480486,7.805469960057215,6.694406908737408,54.83568335561346,Beginner,Intermediate
4.528430769592397,4.128143718150839,7.334713824708981,46.902996311911764,Beginner,Intermediate
2.8025484895204977,6.984205520384962,1.0392694268527818,57.99720891575231,Beginner,Intermediate
2.8945106836939205,8.159049647107562,2.5025777987247886,50.007366301662714,Beginner,Intermediate
0.9822740510289922,9.344600375315075,7.417414455708868,33.81299650340078,Intermediate,Intermediate
2.513355650705546,3.111778736699082,6.997468722203858,74.28728498407958,Intermediate,Intermediate
2.8967776990476044,4.593843242283773,9.694427546158096,98.41424942291621,Advanced,Intermediate
1.5911172663562834,2.371744119973757,7.849340112257047,92.19539402666123,Intermediate,Intermediate
1.7115945392722143,9.932351519425376,9.556954369582042,51.038048045147306,Intermediate,Intermediate
2.197778733970802,9.343008711318658,7.322864513813263,45.425460676652904,Intermediate,Intermediate
0.5903203899997687,5.859614172525037,3.6824698777549885,94.9975671029215,Advanced,Intermediate
1.9493562451243023,8.578299649387791,1.9482843002577082,33.3829939019076,Beginner,Intermediate
1.4515160314844509,5.6886217954483795,8.03641477010442,76.76699213560794,Intermediate,Intermediate
1.9737380848006159,6.612271192024838,6.797342993283243,97.51313774768704,Advanced,Intermediate
1.0389295931866305,1.8021198890441497,1.433674111539666,100.0,Advanced,Intermediate
4.507372763329528,7.797433784471272,4.240454193108805,100.0,Advanced,Advanced
3.171166040993219,2.1494213527171135,9.611198339358575,64.64038415323776,Beginner,Intermediate
3.5559604361502033,8.434608672272756,5.503610311391811,76.88494406992771,Intermediate,Intermediate
4.051270573733023,8.038252789033473,4.894562224177342,83.12030329072184,Advanced,Intermediate
2.7429898951807576,7.378702279686788,5.119296446433646,30.078495612209615,Beginner,Intermediate
0.8911412963934067,1.325443424722859,2.8799445160464736,100.0,Advanced,Intermediate
2.916979438183465,3.7281552035079573,4.318364537783157,90.36523910902378,Advanced,Intermediate
3.140785031093956,3.368013129197586,4.328319303884589,100.0,Advanced,Intermediate
3.854477633829485,4.241227667243672,1.4711951816872517,100.0,Advanced,Intermediate
2.442467958033557,1.7887847208745469,7.908108656661264,100.0,Advanced,Intermediate
1.074111362580037,9.432620407279565,4.7485398871349105,61.3737090080202,Beginner,Intermediate
1.77699157609426,5.9842201664113865,8.39961898134781,45.22075228242986,Intermediate,Intermediate
2.133870333793858,3.749718795922212,8.653132010079059,74.46340326479262,Intermediate,Intermediate
3.4066275859922053,4.5728336536685505,2.9079464922879223,88.58654690732004,Intermediate,Intermediate
3.0685023710101036,5.024822864543521,6.916181339531157,60.68631349686479,Intermediate,Intermediate
2.102435266540308,6.405349000245556,5.250536237466836,40.684318379128854,Beginner,Intermediate
4.939318619568408,5.6411148492684795,8.921410641293367,36.5789077215115,Beginner,Beginner
3.2259866871059923,9.274527758929755,2.941666112588087,33.80588992709434,Beginner,Beginner
1.5675205628119753,5.472671346152472,7.100318802790398,90.25574035922776,Advanced,Intermediate
0.9580211267918168,9.929422133409814,6.469769100274503,64.91393303060582,Advanced,Intermediate
1.187866126329494,8.662824619705862,3.6577132981464953,88.89182084798796,Advanced,Intermediate
1.6068097777302865,2.8765946292160223,2.2294081328605535,100.0,Intermediate,Intermediate
1.2230661796680005,9.375356931795245,6.8647578442954895,78.3467314053262,Advanced,Intermediate
1.339551608230876,2.0472975809692846,7.647377123190976,82.72011827373308,Intermediate,Intermediate
1.782928259122312,8.357047376420724,3.84064609387015,89.53758113093066,Advanced,Intermediate
1.2801811788263966,4.4256096412892205,6.803493436200824,87.81276064671876,Intermediate,Intermediate
4.535444410818913,8.901768884005627,4.556178168503529,86.27826688723619,Advanced,Advanced
0.8610518554773899,8.812510210967053,7.41886194954356,92.27064004096826,Advanced,Intermediate
2.860301253066146,8.253328601058591,2.792937474046478,60.17633444023449,Beginner,Intermediate
2.346785721453477,8.110273926763552,9.01193502372557,89.59689602149014,Advanced,Advanced
4.920703776088729,3.742112251882367,3.5866863681902177,85.60594835671687,Advanced,Intermediate
1.0041750597562356,1.7282735474612696,4.310073889805376,79.39517180467985,Beginner,Intermediate
2.2903501957058374,4.626821608886453,1.522827568723148,89.05808423987611,Intermediate,Intermediate
4.86261694973916,2.561720634878578,2.0036099108914875,79.9307697897905,Beginner,Intermediate
4.394782066522911,7.254559800122156,5.642757124410953,38.74933542511497,Beginner,Beginner
4.176824319271759,4.11489753884007,3.4083340905517434,93.16250403798622,Intermediate,Intermediate
1.6605627217022292,9.780491807739233,8.51932203167975,47.45601054209046,Advanced,Intermediate
1.2689941432552962,6.768748696107988,1.1322404978945846,86.79390365448921,Intermediate,Intermediate
3.5088944896599394,8.40232507270925,4.411846438047426,77.03572312050608,Advanced,Intermediate
4.682191951074136,2.192722054676636,4.0361099209218345,100.0,Advanced,Intermediate
3.005433018562684,8.758130340453603,1.1739486782584092,77.07251995861412,Intermediate,Intermediate
3.0722571026145493,9.30481471462055,2.119315591004592,47.90575693254681,Beginner,Intermediate
1.7599059214712787,5.3835572693704234,4.722784074267717,89.45307054440926,Intermediate,Intermediate
3.962718199363716,6.456276439758797,5.43578126002702,81.71623896266507,Advanced,Intermediate
1.3416968685088553,7.883288208126959,4.638607725293822,65.86067926131247,Intermediate,Intermediate
1.9565565638190965,2.573547645343713,5.778439105708845,98.68467562626641,Intermediate,Intermediate
2.4144639737738753,5.523094688170982,6.356185074151134,96.92796877420568,Advanced,Intermediate
2.7842467040800476,4.587967249950818,1.0893143901505207,78.04816311442231,Beginner,Intermediate
1.590843795867861,2.317365929460242,5.176856435081535,100.0,Intermediate,Intermediate
1.016765711326416,4.307809800623783,9.671493167988295,85.38404700422092,Advanced,Intermediate
3.2477901909873466,1.6135507844694421,5.671290521165939,100.0,Advanced,Intermediate
1.798837489581151,1.232307162545383,7.097880407130579,98.30386733520471,Intermediate,Intermediate
3.1155719964017554,2.2164966023934047,3.8067747212519487,76.00287796416623,Beginner,Intermediate
1.1946322187339105,9.668036004302564,7.965922403374863,58.98408844533974,Intermediate,Intermediate
2.665130458346679,5.945765823055153,7.956293336885036,50.10002524521968,Beginner,Intermediate
2.896652446482136,9.69239945037898,5.69166442888725,28.22950265854073,Beginner,Intermediate
0.7332059157009211,4.892480904971188,9.784124409512922,49.56906251471671,Beginner,Intermediate
2.0147192518726427,3.806345197767336,2.1299519328638805,65.55142157034635,Beginner,Intermediate
1.104866046225384,5.555276765562197,1.152528984006229,98.23531390374089,Intermediate,Intermediate
0.7851873671274548,4.955605197696191,7.931423905813864,77.45617922859594,Advanced,Intermediate
4.954821045754754,1.9509821583556952,8.264399836283943,100.0,Advanced,Intermediate
1.9505923023862533,6.767436832211856,2.0818650620851864,100.0,Advanced,Intermediate
4.144435006345857,2.9443436425863965,3.390245496627455,100.0,Advanced,Intermediate
1.6458829464369373,6.576291594080466,1.1579712702996603,100.0,Advanced,Intermediate
3.566762250007682,6.85180983158338,3.639777497025082,99.93488479263141,Advanced,Intermediate
3.9210253695035897,2.368223678157833,7.958276865268044,97.58786786998732,Intermediate,Intermediate
3.1803743327352993,1.5521466439960134,5.6616447494132105,88.46494991531497,Beginner,Intermediate
2.6220928484757127,8.026854274615959,4.132860338514593,90.9900520530393,Advanced,Advanced
2.3532841136627085,5.138203813923882,4.345653654156973,72.5543130874939,Intermediate,Intermediate
2.069907199443479,1.523474159549282,1.0121826314392135,100.0,Advanced,Intermediate
4.682881149115216,9.953796854527905,3.698204748087123,78.41993262498262,Advanced,Intermediate
4.237787335044781,1.5200250489672997,6.8181286747413745,82.76270567489031,Beginner,Intermediate
4.842621097999307,7.255317059726979,9.767749994347215,29.85630010494871,Beginner,Beginner
1.0593375056849512,9.853110327370722,8.623547442855095,21.13440083027974,Beginner,Intermediate
3.788903638416399,3.1526209379433308,1.2123546818097621,100.0,Advanced,Intermediate
4.72253205569467,2.2802443181847654,9.087045442073554,100.0,Advanced,Intermediate
1.3155487977454707,2.09246445480186,8.048785719687633,99.04400166426174,Advanced,Intermediate
0.7992332031504987,3.72947632810836,8.023385112138824,65.04892330698321,Beginner,Intermediate
3.8350429218052655,1.9094122990958202,5.121961831032143,94.52571018182863,Intermediate,Intermediate
3.0851290093096035,7.229452075247187,4.582047636590525,76.21060507965683,Advanced,Intermediate
4.288229495412224,1.5606261831705641,3.7262415594987335,100.0,Advanced,Intermediate
1.1289756948183027,5.584799153348108,1.591253730589292,99.83184983449883,Advanced,Intermediate
4.078702903369505,9.970271684676792,3.0541182714432917,61.42214274618193,Intermediate,Intermediate
1.4073229402148504,8.325732425554168,3.2194327148022217,88.03164858994893,Advanced,Intermediate
1.2364517428956703,6.536974944079098,5.356693627391814,73.54605613212769,Intermediate,Intermediate
1.2391960906894681,3.756282587079505,7.726999659370246,76.12684736084509,Advanced,Intermediate
4.16558624104122,6.6150625266247465,5.26428845558152,67.78082721213937,Intermediate,Intermediate
3.4933874931329005,5.743373175204865,1.5206000450244455,100.0,Advanced,Intermediate
2.853794411461037,4.834750455013343,9.620108208893836,59.620378297168315,Beginner,Intermediate
2.114737178555761,2.1763933906617954,9.48451887184701,50.75157261474678,Beginner,Intermediate
4.447402433658987,8.9794379371642,8.066705888335676,40.10867507629013,Beginner,Intermediate
2.2660029834018593,5.048061839391902,9.921951114077984,37.37953991655069,Beginner,Intermediate
4.174697477622097,2.7516026063868857,5.900340995202367,100.0,Advanced,Intermediate
2.476107088565983,4.309834157895606,9.664915152278855,46.236240089092874,Beginner,Intermediate
2.1962499324120843,4.727167772760343,1.680445365550757,92.41086213660009,Intermediate,Intermediate
2.582059035513229,8.447841060101869,4.291126734352342,54.90107905934226,Beginner,Intermediate
1.8562004337386393,7.6025294250526185,3.0284314120608924,55.54790399884534,Beginner,Intermediate
3.86424221079313,7.923744042772058,2.7624977572084304,50.832468911275974,Beginner,Intermediate
2.7622417554161562,1.099281379857825,2.267226540034085,100.0,Advanced,Intermediate
1.5449571281606778,4.745385983617854,6.60172277409397,48.44128785729168,Beginner,Intermediate
4.548085579735558,5.332097364717913,8.031896701725746,68.47164863655371,Intermediate,Intermediate
2.2275104961794514,1.1727304914075103,6.204685594783246,85.480103042388,Beginner,Intermediate
2.945987875012949,3.3383188787053077,2.322664386293887,81.63347456549754,Beginner,Intermediate
4.579124499340462,7.842608408099215,8.300113929401238,31.22357639685108,Beginner,Beginner
3.3090709816129644,2.2339873515609914,6.723592364473556,73.5297184827717,Intermediate,Intermediate
1.0260411831876384,5.817791183073325,4.493491355142959,60.53915192715261,Beginner,Intermediate
4.729244556260638,2.9368168481551375,7.067172659824567,68.32764576072073,Intermediate,Intermediate
3.3246862388213803,1.1090869717950396,3.3391448131854955,100.0,Intermediate,Intermediate
2.0070752659568876,3.1708131183958734,4.106729876447894,83.61522877104363,Beginner,Intermediate
1.1267243269852427,9.782863794190485,9.257372588187913,49.28114972750233,Intermediate,Intermediate
4.073113351716332,8.213834006946907,3.6145405510427837,67.85066853201543,Advanced,Intermediate
3.2903274016783106,9.636189798889301,5.229894413421429,38.13388280869238,Beginner,Beginner
2.900574913893447,5.390686395337262,9.011270236564132,42.82105816759534,Beginner,Intermediate
4.5225166237293095,1.9876257880975317,7.369492152407747,75.21622059503461,Intermediate,Intermediate
4.048687450510388,5.931635400763237,1.5598290354823248,89.01254884775787,Intermediate,Intermediate
1.1825369587973804,5.089396011039648,2.325727398510733,62.658459261362296,Beginner,Intermediate
1.902749305079967,8.599213744656543,1.0705743169472512,88.93686793948055,Advanced,Intermediate
1.618201129165096,1.8827432270582012,6.678296112062471,91.79184671278877,Intermediate,Intermediate
3.847758316577046,5.394170233196004,5.029060828693765,71.68312103892384,Intermediate,Intermediate
0.6508959563110073,2.3504379822458583,2.2084736581204796,100.0,Advanced,Intermediate
3.0645035819209245,3.9220833420105397,9.621407089510933,85.59211312511516,Advanced,Intermediate
3.9310640858331074,7.636213696490197,5.766937515510579,39.13350436479186,Beginner,Beginner
4.445445365427872,5.284163164318898,3.1770396470160027,100.0,Advanced,Intermediate
2.0393678692215835,4.382994566311924,5.505432140392368,72.51544711106604,Beginner,Intermediate
4.195657871024058,4.550286507130318,7.11658299461597,78.81227600907425,Advanced,Intermediate
0.9978428162984325,5.13502091565388,1.6861529617620803,96.73716497490989,Intermediate,Intermediate
4.309035312805332,8.065148894533511,3.472334335431028,63.243162567300416,Beginner,Intermediate
1.073698980493921,9.02876220046211,8.262689417955944,45.641888917857386,Beginner,Intermediate
2.2877928075216527,9.598012178535354,5.136983833623951,41.80278486530256,Beginner,Intermediate
4.087829146007991,8.082130476297657,5.919194278290654,71.25778620620079,Advanced,Intermediate
1.174628423069482,3.8386620617321148,4.895344019885224,92.4204660351591,Intermediate,Intermediate
1.5316312785468866,7.193212354778879,1.395099483787046,51.156116222585304,Beginner,Intermediate
3.750136557768798,4.938428116498527,2.4917480183814034,64.4029637007966,Beginner,Intermediate
3.7401644144573347,3.2920355984144605,5.009874748677018,72.34101933234484,Beginner,Intermediate
3.385164347983838,8.567844214833304,2.8826691886713505,40.46517789363204,Beginner,Intermediate
3.62276800010195,1.345837140660925,1.4498112579371085,97.45737745570621,Intermediate,Intermediate
2.942259995064183,9.115857929218812,8.592846976466413,73.29990260941493,Advanced,Intermediate
1.6330957650812874,5.153297181622607,9.830732762477043,83.413557847579,Intermediate,Intermediate
2.0556319707676374,6.7348132912745236,8.138285865970655,54.34341925051006,Beginner,Intermediate
1.3171897256064156,6.934185299852045,8.684064295342004,66.34874246521471,Intermediate,Intermediate
4.588027526001327,9.056059666358827,3.1777941728534085,54.97817350554297,Beginner,Intermediate
3.125263076447542,6.730027139504866,9.645642779618798,83.79013093543843,Advanced,Intermediate
2.3038313754363795,6.525402262840556,2.7723313400808554,100.0,Advanced,Intermediate
2.5790261163985972,1.5998683650462096,9.562868293256491,100.0,Advanced,Intermediate
4.762775028253169,5.6656721975068365,9.95337364569356,28.127887154844917,Beginner,Beginner
1.190081314022361,2.3515210073533748,7.405505251714438,88.02073220251894,Intermediate,Intermediate
3.1380342440755875,7.6369039184933705,9.830293586126396,71.51511758671552,Advanced,Intermediate
2.7764990549800967,5.60999728731407,6.125858016103933,54.361467826563484,Beginner,Intermediate
3.2515440594559153,7.12205001287518,3.335876048584813,49.768399642401775,Beginner,Intermediate
0.5814958271937822,1.3750561054214585,4.932962970990587,100.0,Intermediate,Intermediate
4.424557590248682,1.7631281444122289,6.342048418409074,100.0,Advanced,Intermediate
4.694532271176255,7.4469104925641405,1.6577340582431348,52.453696068529545,Beginner,Intermediate
3.0430993261514403,1.6487590239880603,6.601089381555215,85.41413759887304,Intermediate,Intermediate
3.634928707446015,1.6413105498873275,9.83060053086065,100.0,Advanced,Intermediate
4.651247215297831,1.108976277113987,2.7109688480535485,100.0,Intermediate,Intermediate
3.6825738544102937,9.60851258469532,8.13335604659545,42.94904553876942,Intermediate,Intermediate
1.1864256931141761,7.637575235131062,9.171089144016575,30.56455944213316,Beginner,Intermediate
3.0932976207506595,4.179262676518578,9.493314335381987,50.66254977806522,Beginner,Intermediate
3.2302177087228516,3.668820231588897,9.641220439649025,68.95398671180698,Beginner,Intermediate
2.408588020860737,4.147329067712646,5.693136748493248,69.81874105249031,Intermediate,Intermediate
3.813999060311253,7.971881780630636,9.795771171923533,37.50837755787407,Beginner,Beginner
4.704651566460567,6.95233549963373,7.81579186420995,66.50957028951157,Intermediate,Intermediate
4.665058308080494,2.6667601108072114,2.455042926132657,90.47141668309821,Intermediate,Intermediate
2.5287771713185947,2.5669840180067593,5.29210095821173,85.95750993687788,Beginner,Intermediate
1.0095712062833986,1.8855608474205758,7.464980578348036,100.0,Advanced,Intermediate
4.931785395330506,6.942724477312043,3.22606284237175,90.53085605402697,Advanced,Intermediate
4.275041389006704,7.8793539599956235,6.765536651939986,61.71248698473933,Advanced,Intermediate
1.0609820654147009,3.385417854925036,6.999404311419573,84.36616613610722,Intermediate,Intermediate
4.643788471778175,1.1885046492782152,2.464297694277093,100.0,Intermediate,Intermediate
4.414533629279577,1.739545007287846,6.085767812074806,82.73784221467515,Intermediate,Intermediate
2.8347712570673247,9.710740313605275,7.944642198807469,17.176227734194853,Beginner,Intermediate
3.1607394608521817,3.659002997296782,5.490060980823477,93.91990074224071,Intermediate,Intermediate
2.2955121674155863,7.923008330543203,1.1089280509849668,37.501225121119134,Beginner,Intermediate
0.746427374699141,6.621972119688374,1.0813462217136296,66.7889282871476,Beginner,Intermediate
2.0083875874065544,4.437456756876063,4.21326409573011,100.0,Advanced,Intermediate
4.112840518691051,2.851185359759996,9.335746615886038,100.0,Advanced,Intermediate
0.5208441035207129,2.092477763434658,3.058091016432479,100.0,Advanced,Intermediate
2.000746272610149,6.5351167123498,6.709273199845184,50.12934649131859,Beginner,Intermediate
2.291759121159245,7.971704025740092,2.998682836239885,43.71768291729279,Beginner,Intermediate
2.918280213220653,6.795138281870176,3.8950299069359375,53.847169708107636,Beginner,Intermediate
4.639350273857422,5.772719199242425,8.632378806413357,70.13010636605523,Intermediate,Intermediate
2.0585569746468257,1.3775610108847265,7.559752980429522,71.9416547170425,Beginner,Intermediate
2.0612894085330247,9.716398998349455,1.8585934958188957,89.64529294481147,Advanced,Advanced
3.818755616493868,8.18842772489117,4.858318188877902,75.20369381439397,Advanced,Intermediate
2.534980734004132,3.6353983303086825,1.26252787280738,72.12867911118592,Beginner,Intermediate
1.510721703229919,9.819732964229656,5.328011319427081,29.18390282841102,Beginner,Intermediate
2.53597782259712,6.416934306726899,6.9619061053096125,84.26471259456915,Advanced,Intermediate
1.1338565917090992,6.241803923865218,2.066523612383364,76.1772382397021,Beginner,Intermediate
1.293741439278005,7.732658614865789,3.5999644501824912,86.99502601976656,Advanced,Intermediate
2.7426549773276587,8.305928092811238,4.580529629519413,53.29317604973057,Intermediate,Intermediate
2.3851645227704656,6.9083074659835235,9.275779221904447,83.04758188287497,Advanced,Intermediate
4.61680655480645,2.1528617172958002,9.939295138806676,92.88424031144578,Intermediate,Intermediate
2.130772546024849,4.044407553950485,1.4042016909605426,62.95323863884285,Beginner,Intermediate
3.1126475762511956,9.352752762934447,7.849071311458529,49.41712979813309,Beginner,Intermediate
3.3451892956378866,3.0215405065946674,4.3455165976210886,96.00751369739412,Intermediate,Intermediate
0.5589250546475013,4.34950321453762,4.5321236760653205,74.99502078979985,Beginner,Intermediate
3.4859181740751977,4.888691946497763,7.788384760123204,86.86210233757473,Intermediate,Intermediate
1.3011618509138814,4.95464490725007,9.265837889308678,57.15543822290104,Beginner,Intermediate
4.824816428612548,6.5164562424507295,9.558357350522936,77.63729076610073,Advanced,Intermediate
1.1689822748890082,9.487682539702368,6.194103274344887,46.15625892036765,Beginner,Intermediate
2.365808556771607,3.1662344064925447,4.214090433704525,100.0,Advanced,Intermediate
0.8840735063538974,2.0935123867082623,8.087941772729014,100.0,Advanced,Intermediate
4.985934133306763,2.777234408739436,3.2590124493607022,100.0,Intermediate,Intermediate
2.759877546490592,8.982324101883425,6.07666625950166,25.94941481235022,Beginner,Intermediate
3.179232577940197,6.812297313896854,4.227206153723858,81.19990628911421,Intermediate,Intermediate
0.8018441482479237,3.573161103152441,6.909679663370885,59.586236308991424,Beginner,Intermediate
3.8748221167963,8.343522450717554,3.163590216041562,90.17352346612769,Advanced,Advanced
1.444575168930136,8.752329967270924,2.7243365116134317,89.33626811723306,Advanced,Intermediate
4.541244302483212,8.618629048212503,9.264151780078933,29.984101594454266,Beginner,Beginner
1.4231283821690321,9.27033880275599,1.916233146545832,63.13485966887295,Beginner,Intermediate
1.3580947429864996,3.270169181560254,5.5536211696143845,73.32381431441495,Intermediate,Intermediate
0.664473505316427,7.795377358716505,2.9876750466670803,34.83665449771837,Beginner,Intermediate
2.6243012529949965,5.14485547546726,1.350369669931007,50.89171289621494,Beginner,Intermediate
3.041785099681774,8.577986976010553,1.3241693646228376,63.82899966543786,Beginner,Intermediate
0.7956888774275857,7.5564160944545185,2.576995948952446,66.75255676219348,Intermediate,Intermediate
3.9898742751275478,7.9880270184975215,8.800933190554002,34.97893003099925,Beginner,Beginner
2.5397997563661243,6.905456539129643,3.54230869579324,93.69861997572627,Advanced,Intermediate
2.8597562119741102,2.596858925227362,9.554132535177661,69.4895563619304,Intermediate,Intermediate
2.4834323612220266,5.905242270072445,6.234600636902742,80.28475911448655,Intermediate,Intermediate
2.303433773938967,9.862027655720574,4.929527707918895,74.6266489154666,Advanced,Intermediate
3.0183814908869806,9.43649259847407,6.220799512025091,71.77778770117052,Advanced,Intermediate
1.1985811066882062,1.388563622173105,5.65028546703641,100.0,Advanced,Intermediate
1.31867658722872,2.483333341564934,7.828986283815927,71.30409528910971,Beginner,Intermediate
4.378035294560828,2.1855589610910573,3.5424645937556702,100.0,Advanced,Intermediate
4.757519579601348,7.53381918986766,4.177453524402722,58.5277269507864,Beginner,Intermediate
2.1798919232588885,8.360067968712507,9.046848722799256,65.55764918577319,Intermediate,Intermediate
1.718351029145992,2.9216022967960473,9.518108618353649,62.57643897334706,Intermediate,Intermediate
3.397997944575571,5.552674236566461,9.033024047378271,87.92054646631121,Advanced,Intermediate
2.339303769941434,8.5663272521008,4.775031945615822,39.79404577907526,Beginner,Intermediate
0.6142386004715519,7.595213902896255,8.023289527061936,84.94636771153432,Advanced,Intermediate
1.2026866881478566,5.880134849426635,5.287021599709889,82.57166882846866,Advanced,Intermediate
3.721875029813289,6.313129214128956,5.477858669314919,68.29016017784622,Beginner,Intermediate
3.465157738595681,5.57524492224652,2.8421209815155555,87.51846437993004,Advanced,Intermediate
0.6219319662656757,3.677936061869385,6.320172729326648,80.20699210490778,Intermediate,Intermediate
1.4988747286982724,6.085197935731145,2.6752230797801313,100.0,Advanced,Intermediate
1.5398365846463213,7.199967718450816,3.984082291604744,45.18454606358343,Beginner,Intermediate
3.5235173461942777,8.859906242747268,8.695271814579417,21.180637857955027,Beginner,Beginner
0.5886974198946386,6.726622185813232,2.863682282897697,79.99819858854599,Intermediate,Intermediate
0.9684886189305824,7.850093833388422,1.6404245665608954,56.605856333286006,Beginner,Intermediate
4.0996223841793515,2.4406447145911567,1.6210683335153466,82.99295312064967,Beginner,Intermediate
1.3034509792445013,5.154017269778109,9.46706068452797,74.41561671218182,Intermediate,Intermediate
3.437357485333436,1.0839845784438396,5.562283941656512,100.0,Advanced,Intermediate
1.5718225147102693,3.220109780694607,4.684708646353165,93.04125165541751,Intermediate,Intermediate
0.9474862674170532,7.5381554360170435,8.297907229071265,72.34947304994283,Advanced,Intermediate
1.5942748594975433,9.926289562144271,8.522433351194644,36.30795727740063,Intermediate,Intermediate
3.750201193350466,1.8926028962849433,3.9897192980404412,100.0,Advanced,Intermediate
4.350634106478286,4.613448842751595,7.242562517264157,70.21741636251323,Intermediate,Intermediate
4.235989390551462,8.200638718292435,7.940105342666979,70.68845236890907,Advanced,Intermediate
2.2873258832830468,2.8363207116600897,6.891856181793591,96.7961020743404,Intermediate,Intermediate
3.5063831145679076,5.995764543720576,2.3643556732008943,100.0,Advanced,Intermediate
1.4224293293711945,7.597641664267073,8.882947751653514,48.73388170090545,Intermediate,Intermediate
1.8191647861745597,6.543869052341611,5.851850974624078,50.00588955489962,Beginner,Intermediate
4.5335111833450386,2.692222611538745,3.542251837330033,100.0,Advanced,Intermediate
0.5585086557983121,4.198461118171655,4.827053668939245,72.65772110638328,Intermediate,Intermediate
0.8847883888451064,8.054126060368574,1.3381398135901663,92.7308875381482,Advanced,Intermediate
1.435488148157123,5.98803862718815,2.150801211001758,100.0,Advanced,Intermediate
0.6193949174321887,1.0470665218862147,7.8899207546427474,89.37346238955597,Intermediate,Intermediate
1.316459457904088,7.848916840252844,1.0001047127982954,100.0,Advanced,Intermediate
3.1236870243636146,1.3178021944621516,4.749092456340629,100.0,Intermediate,Intermediate
2.3964104776662407,7.711604044581089,5.702591629770296,56.61357836163697,Beginner,Intermediate
4.517022699846387,2.8223250414871366,1.4917097800087507,100.0,Advanced,Intermediate
4.178496027822984,9.622661321074421,9.757703466750996,40.374455798175546,Beginner,Intermediate
2.038178082640442,4.31146676171876,3.0351279812470473,100.0,Advanced,Intermediate
1.6674054504408162,3.942384547042712,3.7377884767265277,100.0,Advanced,Intermediate
2.208615836752701,2.339992452992002,3.735482610295246,100.0,Advanced,Intermediate
3.156327241316635,3.750437939411934,3.073749959056149,100.0,Intermediate,Intermediate
1.7062863837029432,8.889856856453804,1.0132643987768026,38.722889475548314,Beginner,Intermediate
3.3086700853211033,9.967009038645227,7.564103146791967,65.50273888425481,Advanced,Intermediate
2.342352434860582,4.314785774561635,9.701609498193568,63.21342318175241,Intermediate,Intermediate
2.984212313833911,5.037495678590883,3.0186413495654056,100.0,Advanced,Intermediate
2.462569381108925,7.498638443824634,6.967424726230802,61.70471283717848,Intermediate,Intermediate
1.8250959179386295,8.97576202418567,7.677066942628436,85.54380152746356,Advanced,Intermediate
4.768039881329705,6.337399007681057,8.635828411814723,41.321471797402715,Beginner,Intermediate
3.936226073718924,4.523731283600464,4.803662773122483,76.71819625233253,Beginner,Intermediate
1.1305092909490364,4.713596567637614,3.726378150763863,100.0,Advanced,Intermediate
4.4081058915406075,7.260563318471262,3.92765620620728,81.17903354007402,Intermediate,Intermediate
2.6934403921228114,1.0289643724385082,7.413591997886615,100.0,Advanced,Intermediate
4.525485021023411,6.576304037138566,8.351015198550725,79.36428820548943,Intermediate,Intermediate
4.099348651762918,4.199437093972216,2.6345257098094237,96.32908877256637,Advanced,Intermediate
2.4134607701115502,8.147775981493758,4.338469073419887,54.6071356946733,Intermediate,Intermediate
0.6011118874405283,1.8369157584081894,9.11746177074235,81.77925874231586,Beginner,Intermediate
1.7090481172322574,6.2938204025355144,8.260241677252653,76.41752202070091,Advanced,Intermediate
2.937353965973901,5.328756008975113,9.863725624862283,37.06700949977896,Beginner,Intermediate
3.3506519892176625,6.780929733147047,7.788234337138727,33.97341246785004,Beginner,Beginner
1.6604945844494103,1.5836823503467152,4.5387568092513,100.0,Advanced,Intermediate
1.1271023333277086,6.219854086853181,6.31574050595174,77.41893191562764,Advanced,Intermediate
4.257186065596846,6.053361291635714,6.949128288225882,69.1103127999204,Intermediate,Intermediate
4.929809813165985,6.045940849745539,1.7061023468541157,81.99577049290458,Intermediate,Intermediate
2.865605820362086,6.431388999368093,5.900472631934786,60.50679294239953,Beginner,Intermediate
1.2725567863173657,7.08821143503726,7.383887456253486,56.77045383273679,Intermediate,Intermediate
1.7253829693371603,8.244900997126928,2.505891736009543,75.41054559746948,Intermediate,Intermediate
0.5827580444636002,3.428386481153929,8.025685456830015,87.06884948996762,Advanced,Intermediate
4.614344629522246,8.425444691620559,6.253955024627005,81.8503218547882,Intermediate,Intermediate
1.029879873005635,5.484301140371082,9.569996071278352,41.47258283777245,Beginner,Intermediate
3.094324139814141,1.6935245122089806,1.3818006838620254,100.0,Intermediate,Intermediate
1.733248493092427,1.5269583631958128,3.3879352379992027,98.74894605852874,Beginner,Intermediate
2.9938010113210702,4.008144868264547,6.413984913698417,94.8505931745299,Advanced,Intermediate
3.431391747583389,8.064072794003208,3.669039209853376,65.34634182981,Beginner,Intermediate
4.233838116682407,7.369128412668242,7.42981747664118,56.75019376535565,Intermediate,Intermediate
1.4288957229227144,8.09753468205166,7.831047542697379,82.73616579986216,Advanced,Intermediate
0.5494812289631621,5.655421507974484,1.9226436765982702,80.22814502873979,Intermediate,Intermediate
1.1159853353096327,4.961790981599415,5.624690177860909,84.75661010697286,Advanced,Intermediate
4.550083888316473,2.3270727403565554,5.580015000319503,100.0,Advanced,Intermediate
4.432505349031318,3.953734782483804,4.3235269319398695,93.6597793015967,Intermediate,Intermediate
3.1883589597663873,4.9061742955648775,9.396323763127048,54.121299809532076,Intermediate,Intermediate
3.20232587195144,1.797403867116555,8.44755687885899,100.0,Advanced,Intermediate
3.49266503545815,2.985507574400901,7.274884437186731,100.0,Advanced,Intermediate
1.2891707538055233,6.384027646573649,7.428939721614978,71.79423211025292,Intermediate,Intermediate
4.614853756662319,7.620968028152708,5.1554452943180715,42.47667395844174,Beginner,Intermediate
2.384467362014329,9.985127602536547,9.288950689869182,36.23225290136516,Intermediate,Intermediate
2.2241233771227384,9.39801998209202,7.251358845279569,90.73826680504895,Advanced,Advanced
2.835129673772769,6.783086795816724,7.560829554902348,48.93275665818076,Intermediate,Intermediate
0.7113468504877477,4.791232479646649,8.755218134086107,49.18619745542241,Beginner,Intermediate
1.2482751594023573,6.725596282374094,3.4666443040797192,61.32511693895092,Intermediate,Intermediate
3.821151273918667,8.070864562722088,8.263638134800328,88.0029092304314,Advanced,Advanced
0.8725940056630691,2.065025718310486,2.7571654266084282,100.0,Intermediate,Intermediate
3.214184492598747,4.689144007266594,4.1080775702039904,100.0,Advanced,Intermediate
1.6040709935659443,8.558220570720554,4.020494088428585,100.0,Advanced,Intermediate
2.2518302631888947,4.4544965673973955,9.806729215502266,62.37260275914229,Intermediate,Intermediate
1.7991218154681494,6.146850441044679,8.708835013731342,100.0,Advanced,Intermediate
2.100527224092271,6.289924247759784,7.310528754312338,82.71147335418217,Advanced,Intermediate
3.7357065733291046,2.6602862782027543,7.5435108545385114,61.7329114695217,Beginner,Intermediate
1.8370477203042876,4.260118974870595,6.05865514962314,86.90519224298359,Beginner,Intermediate
3.048820881336037,4.01060159867739,9.523816003976671,49.76464022206629,Beginner,Intermediate
2.6422268098959485,1.235770376788583,5.466328775941254,63.67844774528085,Beginner,Intermediate
3.4865202441319165,1.217725875022197,4.424659388829051,100.0,Advanced,Intermediate
4.715733826961411,8.485273393081961,2.467318032384319,68.44431068576719,Intermediate,Intermediate
3.796574437446126,3.457637289755312,8.075850870349523,100.0,Advanced,Intermediate
1.4672317036584055,5.662708896149339,7.609995388680323,87.52049141993464,Advanced,Intermediate
0.6403241077757811,3.6885301622989575,4.459195346717214,100.0,Advanced,Intermediate
1.680188199349213,9.466113206038065,1.2267407256330642,74.55657018126985,Intermediate,Intermediate
3.1778506881511466,3.3336708297919637,8.550975949462096,46.929071725395715,Beginner,Intermediate
0.7314161606791265,4.866911314650416,1.1027618510866626,100.0,Advanced,Intermediate
2.7336481124055636,8.854572254361416,7.333298016661459,65.73094643653815,Advanced,Intermediate
3.1857928201260015,8.577402101126278,9.732313987534514,25.438909106735526,Beginner,Beginner
2.004097508676324,2.674912760616496,4.938951953333831,100.0,Advanced,Intermediate
3.9691049168561987,8.223789788161394,3.114760644963575,90.60795435636253,Intermediate,Advanced
0.9796921391019731,5.123681980641034,7.343839090390436,85.4362266738413,Advanced,Intermediate
0.8381200178111394,5.346719848768197,8.354153278140267,95.07958444167959,Advanced,Intermediate
3.776849402916215,2.201319751743494,5.917872844700626,68.00498848841438,Beginner,Intermediate
2.729710922927893,1.7254136238141218,9.703317477305315,90.67884772328554,Advanced,Intermediate
3.597810783924812,7.551453762763886,1.46501849492165,99.82416873041069,Advanced,Advanced
2.456723023716858,5.468150371197698,5.543160384740753,80.03668536064632,Intermediate,Intermediate
1.6088091495759806,4.931656323536616,7.466085525902951,58.5297271321532,Beginner,Intermediate
4.185960429533899,7.5655740578715704,8.76376424034261,9.65864544420489,Beginner,Beginner
4.097371455360406,7.889616090919988,2.6133005071701105,60.363560887198815,Intermediate,Intermediate
3.6261341188449205,2.430173509024182,8.200031335873133,100.0,Advanced,Intermediate
1.724653117534832,6.492026345298772,5.974363681466907,40.380707603017505,Beginner,Intermediate
3.156038000910892,2.2181867404991698,4.568983137909669,77.23155738687626,Beginner,Intermediate
2.1243825362301205,7.762375774261411,2.185435257211842,82.05156840476955,Advanced,Intermediate
0.9121193299698537,6.912596406404256,8.787661830180213,86.39004349902248,Advanced,Intermediate
4.627911089580093,9.609531589751121,2.415458873617438,54.018661390347816,Beginner,Intermediate
1.1156838391353263,1.6206221472077906,3.7880907328818934,100.0,Advanced,Intermediate
4.776068092193611,1.5134924903612887,3.610409787661932,91.92687630874373,Beginner,Intermediate
2.507025978310801,3.539683672238801,8.842726307717689,100.0,Advanced,Intermediate
